0,-0.16,4.85,9.89
1,-0.16,4.85,9.89
2,-0.16,4.85,9.89
3,-0.16,4.85,9.89
4,-0.16,4.85,9.89
5,-0.16,4.85,9.89
6,-0.16,4.85,9.89
7,-0.16,4.85,9.89
8,-0.16,4.85,9.89
9,-0.16,4.85,9.89
10,-0.16,4.85,9.89
11,-0.16,4.85,9.89
12,-0.16,4.85,9.89
13,-0.16,4.85,9.89
14,-0.16,4.85,9.89
15,-0.16,4.85,9.89
16,-0.16,4.85,9.89
17,-0.16,4.84,9.89
18,-0.16,4.84,9.89
19,-0.17,4.84,9.89
20,-0.16,4.84,9.89
21,-0.16,4.84,9.89
22,-0.16,4.84,9.89
23,-0.16,4.84,9.89
24,-0.16,4.84,9.89
25,-0.16,4.84,9.89
26,-0.17,4.84,9.89
27,-0.17,4.84,9.89
28,-0.17,4.84,9.89
29,-0.17,4.84,9.89
30,-0.16,4.85,9.89
31,-0.16,4.85,9.89
32,-0.16,4.85,9.89
33,-0.16,4.85,9.89
34,-0.17,4.85,9.89
35,-0.17,4.85,9.89
36,-0.17,4.85,9.89
37,-0.17,4.85,9.89
38,-0.17,4.85,9.89
39,-0.17,4.85,9.89
40,-0.17,4.85,9.89
41,-0.17,4.85,9.89
42,-0.17,4.85,9.89
43,-0.17,4.85,9.9
44,-0.17,4.85,9.9
45,-0.17,4.85,9.9
46,-0.17,4.85,9.89
47,-0.17,4.85,9.89
48,-0.17,4.85,9.89
49,-0.17,4.85,9.89
50,-0.17,4.85,9.89
51,-0.17,4.85,9.89
52,-0.17,4.85,9.89
53,-0.16,4.84,9.89
54,-0.16,4.84,9.89
55,-0.17,4.84,9.89
56,-0.17,4.84,9.89
57,-0.17,4.84,9.89
58,-0.17,4.84,9.89
59,-0.17,4.84,9.89
60,-0.17,4.84,9.9
61,-0.17,4.84,9.9
62,-0.17,4.84,9.9
63,-0.17,4.84,9.89
64,-0.17,4.84,9.89
65,-0.17,4.84,9.89
66,-0.17,4.84,9.89
67,-0.17,4.84,9.89
68,-0.17,4.84,9.89
69,-0.17,4.84,9.89
70,-0.17,4.84,9.89
71,-0.17,4.84,9.89
72,-0.17,4.85,9.89
73,-0.17,4.85,9.89
74,-0.17,4.85,9.89
75,-0.17,4.85,9.89
76,-0.17,4.85,9.89
77,-0.17,4.84,9.89
78,-0.17,4.84,9.89
79,-0.17,4.84,9.89
80,-0.17,4.84,9.89
81,-0.17,4.84,9.89
82,-0.17,4.84,9.89
83,-0.17,4.84,9.89
84,-0.17,4.84,9.89
85,-0.17,4.84,9.89
86,-0.17,4.84,9.9
87,-0.17,4.84,9.9
88,-0.17,4.84,9.9
89,-0.17,4.84,9.9
90,-0.18,4.84,9.9
91,-0.18,4.84,9.89
92,-0.18,4.84,9.89
93,-0.18,4.84,9.89
94,-0.18,4.84,9.89
95,-0.17,4.84,9.89
96,-0.17,4.84,9.89
97,-0.17,4.84,9.89
98,-0.17,4.85,9.89
99,-0.17,4.85,9.9
100,-0.17,4.85,9.9
101,-0.17,4.85,9.89
102,-0.17,4.85,9.89
103,-0.17,4.85,9.89
104,-0.17,4.85,9.89
105,-0.17,4.85,9.89
106,-0.16,4.85,9.9
107,-0.16,4.85,9.9
108,-0.17,4.85,9.9
109,-0.17,4.84,9.89
110,-0.17,4.84,9.89
111,-0.17,4.84,9.89
112,-0.17,4.84,9.89
113,-0.17,4.84,9.89
114,-0.17,4.84,9.89
115,-0.17,4.84,9.89
116,-0.17,4.84,9.89
117,-0.17,4.84,9.89
118,-0.17,4.84,9.89
119,-0.17,4.84,9.89
120,-0.17,4.84,9.89
121,-0.17,4.84,9.89
122,-0.17,4.84,9.89
123,-0.17,4.84,9.89
124,-0.17,4.84,9.89
125,-0.17,4.84,9.89
126,-0.17,4.84,9.89
127,-0.17,4.84,9.89
128,-0.17,4.84,9.89
129,-0.17,4.84,9.89
130,-0.17,4.84,9.89
131,-0.17,4.84,9.89
132,-0.17,4.84,9.89
133,-0.17,4.84,9.89
134,-0.17,4.84,9.89
135,-0.17,4.84,9.89
136,-0.17,4.84,9.89
137,-0.17,4.84,9.89
138,-0.17,4.84,9.89
139,-0.17,4.84,9.89
140,-0.17,4.84,9.89
141,-0.17,4.84,9.89
142,-0.17,4.84,9.89
143,-0.17,4.84,9.89
144,-0.17,4.84,9.89
145,-0.17,4.84,9.89
146,-0.17,4.84,9.89
147,-0.18,4.84,9.89
148,-0.18,4.83,9.89
149,-0.18,4.83,9.89
150,-0.18,4.83,9.89
151,-0.18,4.84,9.89
152,-0.17,4.84,9.89
153,-0.17,4.84,9.89
154,-0.17,4.84,9.89
155,-0.17,4.84,9.89
156,-0.17,4.84,9.89
157,-0.17,4.84,9.89
158,-0.17,4.84,9.89
159,-0.17,4.84,9.89
160,-0.17,4.84,9.89
161,-0.17,4.84,9.89
162,-0.17,4.84,9.89
163,-0.17,4.84,9.89
164,-0.17,4.84,9.89
165,-0.17,4.84,9.89
166,-0.17,4.84,9.89
167,-0.17,4.84,9.89
168,-0.17,4.84,9.89
169,-0.17,4.84,9.89
170,-0.17,4.84,9.89
171,-0.17,4.84,9.89
172,-0.17,4.84,9.89
173,-0.17,4.84,9.89
174,-0.17,4.84,9.89
175,-0.17,4.84,9.89
176,-0.17,4.84,9.9
177,-0.17,4.84,9.89
178,-0.17,4.84,9.89
179,-0.17,4.84,9.89
180,-0.17,4.84,9.89
181,-0.17,4.84,9.89
182,-0.17,4.84,9.89
183,-0.17,4.84,9.89
184,-0.17,4.84,9.89
185,-0.17,4.84,9.89
186,-0.17,4.84,9.89
187,-0.17,4.84,9.89
188,-0.17,4.84,9.89
189,-0.17,4.84,9.89
190,-0.17,4.84,9.89
191,-0.17,4.84,9.89
192,-0.17,4.84,9.89
193,-0.17,4.84,9.89
194,-0.17,4.84,9.89
195,-0.17,4.84,9.89
196,-0.17,4.84,9.89
197,-0.17,4.84,9.89
198,-0.17,4.84,9.89
199,-0.17,4.84,9.89
200,-0.17,4.84,9.89
201,-0.17,4.84,9.9
202,-0.17,4.84,9.9
203,-0.17,4.84,9.9
204,-0.17,4.84,9.9
205,-0.17,4.84,9.89
206,-0.17,4.84,9.89
207,-0.17,4.84,9.89
208,-0.17,4.84,9.89
209,-0.16,4.84,9.89
210,-0.16,4.84,9.89
211,-0.16,4.84,9.89
212,-0.17,4.84,9.89
213,-0.17,4.84,9.89
214,-0.17,4.84,9.89
215,-0.17,4.84,9.89
216,-0.17,4.84,9.89
217,-0.17,4.84,9.89
218,-0.17,4.84,9.89
219,-0.17,4.84,9.89
220,-0.17,4.84,9.89
221,-0.17,4.84,9.9
222,-0.17,4.84,9.89
223,-0.17,4.84,9.89
224,-0.18,4.83,9.89
225,-0.18,4.83,9.89
226,-0.18,4.83,9.89
227,-0.17,4.83,9.89
228,-0.17,4.83,9.89
229,-0.17,4.83,9.89
230,-0.17,4.83,9.89
231,-0.17,4.83,9.89
232,-0.17,4.83,9.89
233,-0.17,4.83,9.89
234,-0.17,4.84,9.89
235,-0.17,4.83,9.89
236,-0.17,4.83,9.89
237,-0.18,4.83,9.89
238,-0.18,4.83,9.89
239,-0.18,4.83,9.89
240,-0.18,4.83,9.89
241,-0.18,4.83,9.89
242,-0.18,4.84,9.89
243,-0.18,4.84,9.89
244,-0.18,4.84,9.89
245,-0.18,4.83,9.89
246,-0.18,4.83,9.89
247,-0.18,4.83,9.89
248,-0.18,4.83,9.89
249,-0.18,4.83,9.89
250,-0.18,4.83,9.89
251,-0.18,4.83,9.89
252,-0.18,4.83,9.89
253,-0.18,4.83,9.89
254,-0.18,4.83,9.89
255,-0.18,4.83,9.89
256,-0.18,4.83,9.89
257,-0.18,4.83,9.89
258,-0.18,4.83,9.89
259,-0.18,4.83,9.89
260,-0.18,4.83,9.89
261,-0.18,4.83,9.89
262,-0.18,4.83,9.89
263,-0.18,4.83,9.89
264,-0.18,4.83,9.89
265,-0.18,4.83,9.89
266,-0.18,4.83,9.89
267,-0.18,4.83,9.89
268,-0.18,4.83,9.89
269,-0.18,4.83,9.89
270,-0.18,4.83,9.89
271,-0.18,4.83,9.89
272,-0.18,4.83,9.89
273,-0.18,4.83,9.89
274,-0.18,4.83,9.89
275,-0.18,4.83,9.89
276,-0.18,4.83,9.89
277,-0.18,4.83,9.89
278,-0.18,4.83,9.89
279,-0.18,4.83,9.89
280,-0.18,4.83,9.89
281,-0.18,4.83,9.89
282,-0.18,4.83,9.89
283,-0.18,4.83,9.89
284,-0.18,4.83,9.89
285,-0.18,4.83,9.89
286,-0.18,4.83,9.89
287,-0.18,4.83,9.89
288,-0.18,4.83,9.89
289,-0.18,4.83,9.89
290,-0.18,4.83,9.89
291,-0.18,4.83,9.89
292,-0.18,4.83,9.89
293,-0.18,4.83,9.89
294,-0.18,4.83,9.89
295,-0.17,4.83,9.9
296,-0.17,4.83,9.9
297,-0.17,4.83,9.9
298,-0.18,4.83,9.9
299,-0.18,4.83,9.89
300,-0.18,4.83,9.89
301,-0.18,4.83,9.89
302,-0.18,4.83,9.89
303,-0.18,4.83,9.89
304,-0.18,4.83,9.9
305,-0.18,4.83,9.9
306,-0.18,4.83,9.89
307,-0.18,4.83,9.89
308,-0.18,4.83,9.89
309,-0.18,4.83,9.89
310,-0.18,4.83,9.89
311,-0.18,4.83,9.89
312,-0.18,4.83,9.89
313,-0.18,4.83,9.89
314,-0.18,4.84,9.89
315,-0.18,4.84,9.89
316,-0.18,4.84,9.89
317,-0.18,4.83,9.89
318,-0.18,4.84,9.89
319,-0.18,4.84,9.89
320,-0.18,4.84,9.89
321,-0.18,4.84,9.89
322,-0.18,4.84,9.89
323,-0.18,4.84,9.89
324,-0.18,4.84,9.89
325,-0.18,4.84,9.89
326,-0.18,4.84,9.89
327,-0.18,4.84,9.89
328,-0.17,4.84,9.9
329,-0.17,4.84,9.9
330,-0.17,4.84,9.9
331,-0.17,4.84,9.9
332,-0.17,4.84,9.9
333,-0.17,4.84,9.9
334,-0.17,4.84,9.9
335,-0.17,4.84,9.9
336,-0.17,4.84,9.9
337,-0.17,4.84,9.9
338,-0.17,4.84,9.89
339,-0.17,4.84,9.89
340,-0.17,4.84,9.89
341,-0.17,4.84,9.89
342,-0.17,4.84,9.89
343,-0.17,4.84,9.89
344,-0.17,4.84,9.89
345,-0.17,4.84,9.89
346,-0.17,4.84,9.89
347,-0.17,4.84,9.89
348,-0.17,4.84,9.89
349,-0.17,4.84,9.89
350,-0.17,4.84,9.89
351,-0.17,4.84,9.89
352,-0.17,4.84,9.89
353,-0.17,4.84,9.89
354,-0.17,4.84,9.89
355,-0.17,4.83,9.89
356,-0.17,4.83,9.89
357,-0.17,4.83,9.89
358,-0.17,4.83,9.89
359,-0.17,4.83,9.89
360,-0.17,4.83,9.89
361,-0.17,4.83,9.89
362,-0.17,4.83,9.89
363,-0.17,4.83,9.89
364,-0.17,4.83,9.89
365,-0.17,4.83,9.89
366,-0.17,4.83,9.89
367,-0.17,4.83,9.89
368,-0.17,4.84,9.89
369,-0.17,4.84,9.89
370,-0.17,4.84,9.89
371,-0.17,4.84,9.89
372,-0.18,4.84,9.89
373,-0.18,4.84,9.89
374,-0.18,4.84,9.89
375,-0.18,4.84,9.89
376,-0.17,4.84,9.89
377,-0.17,4.84,9.89
378,-0.17,4.84,9.89
379,-0.17,4.84,9.89
380,-0.17,4.84,9.89
381,-0.17,4.84,9.89
382,-0.17,4.84,9.89
383,-0.17,4.84,9.89
384,-0.17,4.84,9.89
385,-0.17,4.83,9.89
386,-0.17,4.83,9.89
387,-0.17,4.83,9.89
388,-0.17,4.83,9.89
389,-0.17,4.83,9.89
390,-0.17,4.83,9.89
391,-0.17,4.83,9.89
392,-0.17,4.83,9.89
393,-0.17,4.83,9.89
394,-0.17,4.84,9.89
395,-0.17,4.84,9.89
396,-0.17,4.83,9.89
397,-0.17,4.83,9.89
398,-0.17,4.83,9.89
399,-0.17,4.83,9.89
400,-0.17,4.83,9.89
401,-0.17,4.83,9.89
402,-0.17,4.83,9.89
403,-0.17,4.83,9.89
404,-0.17,4.84,9.9
405,-0.17,4.84,9.9
406,-0.17,4.84,9.9
407,-0.17,4.84,9.9
408,-0.17,4.84,9.89
409,-0.17,4.84,9.89
410,-0.17,4.84,9.89
411,-0.17,4.84,9.89
412,-0.17,4.84,9.89
413,-0.17,4.84,9.89
414,-0.17,4.84,9.89
415,-0.16,4.84,9.89
416,-0.16,4.84,9.89
417,-0.16,4.84,9.89
418,-0.16,4.84,9.89
419,-0.16,4.84,9.89
420,-0.16,4.84,9.89
421,-0.16,4.84,9.89
422,-0.17,4.84,9.89
423,-0.17,4.84,9.89
424,-0.16,4.84,9.89
425,-0.17,4.84,9.89
426,-0.17,4.84,9.89
427,-0.17,4.84,9.89
428,-0.17,4.84,9.89
429,-0.17,4.84,9.89
430,-0.17,4.84,9.89
431,-0.17,4.84,9.89
432,-0.17,4.84,9.89
433,-0.17,4.84,9.89
434,-0.17,4.84,9.9
435,-0.17,4.84,9.89
436,-0.18,4.83,9.89
437,-0.18,4.83,9.89
438,-0.18,4.83,9.89
439,-0.18,4.83,9.89
440,-0.18,4.83,9.89
441,-0.17,4.83,9.89
442,-0.17,4.83,9.89
443,-0.17,4.83,9.9
444,-0.17,4.83,9.89
445,-0.17,4.83,9.89
446,-0.18,4.83,9.89
447,-0.18,4.83,9.89
448,-0.18,4.83,9.89
449,-0.18,4.84,9.89
450,-0.18,4.84,9.89
451,-0.17,4.84,9.89
452,-0.17,4.84,9.89
453,-0.17,4.84,9.89
454,-0.17,4.84,9.89
455,-0.17,4.84,9.89
456,-0.18,4.84,9.89
457,-0.18,4.84,9.89
458,-0.17,4.84,9.89
459,-0.17,4.84,9.89
460,-0.17,4.84,9.89
461,-0.17,4.84,9.89
462,-0.17,4.84,9.89
463,-0.17,4.84,9.89
464,-0.17,4.84,9.89
465,-0.17,4.84,9.9
466,-0.17,4.84,9.9
467,-0.17,4.84,9.9
468,-0.17,4.84,9.9
469,-0.17,4.84,9.9
470,-0.17,4.84,9.9
471,-0.17,4.84,9.9
472,-0.17,4.84,9.9
473,-0.17,4.84,9.9
474,-0.17,4.84,9.9
475,-0.17,4.84,9.9
476,-0.17,4.84,9.9
477,-0.16,4.84,9.9
478,-0.17,4.84,9.89
479,-0.17,4.84,9.89
480,-0.17,4.84,9.89
481,-0.17,4.84,9.89
482,-0.17,4.84,9.89
483,-0.17,4.84,9.89
484,-0.17,4.84,9.89
485,-0.17,4.84,9.89
486,-0.17,4.84,9.89
487,-0.17,4.84,9.89
488,-0.17,4.84,9.89
489,-0.17,4.84,9.89
490,-0.17,4.84,9.89
491,-0.17,4.84,9.89
492,-0.17,4.84,9.89
493,-0.17,4.84,9.89
494,-0.17,4.84,9.89
495,-0.17,4.84,9.89
496,-0.17,4.84,9.89
497,-0.17,4.84,9.89
498,-0.17,4.84,9.89
499,-0.17,4.85,9.89
500,-0.17,4.85,9.89
501,-0.17,4.84,9.89
502,-0.17,4.84,9.89
503,-0.17,4.84,9.89
504,-0.17,4.84,9.89
505,-0.17,4.84,9.89
506,-0.17,4.85,9.89
507,-0.17,4.85,9.89
508,-0.17,4.84,9.89
509,-0.17,4.84,9.89
510,-0.17,4.84,9.89
511,-0.17,4.84,9.89
512,-0.17,4.84,9.89
513,-0.17,4.84,9.89
514,-0.17,4.84,9.89
515,-0.17,4.84,9.89
516,-0.17,4.84,9.89
517,-0.16,4.84,9.89
518,-0.16,4.84,9.89
519,-0.17,4.84,9.89
520,-0.17,4.84,9.89
521,-0.17,4.84,9.89
522,-0.17,4.84,9.89
523,-0.16,4.85,9.89
524,-0.16,4.85,9.89
525,-0.16,4.85,9.89
526,-0.16,4.85,9.89
527,-0.17,4.84,9.89
528,-0.17,4.84,9.89
529,-0.17,4.84,9.89
530,-0.17,4.84,9.89
531,-0.17,4.84,9.89
532,-0.17,4.84,9.89
533,-0.17,4.84,9.89
534,-0.17,4.84,9.89
535,-0.17,4.85,9.9
536,-0.17,4.85,9.9
537,-0.17,4.85,9.9
538,-0.17,4.85,9.89
539,-0.17,4.85,9.89
540,-0.17,4.85,9.9
541,-0.17,4.85,9.9
542,-0.17,4.85,9.9
543,-0.17,4.85,9.9
544,-0.17,4.85,9.89
545,-0.17,4.85,9.89
546,-0.17,4.85,9.89
547,-0.17,4.85,9.9
548,-0.17,4.85,9.9
549,-0.17,4.85,9.9
550,-0.17,4.85,9.89
551,-0.17,4.85,9.89
552,-0.17,4.85,9.89
553,-0.17,4.85,9.89
554,-0.17,4.85,9.89
555,-0.16,4.85,9.9
556,-0.16,4.85,9.9
557,-0.17,4.85,9.89
558,-0.17,4.85,9.89
559,-0.17,4.85,9.89
560,-0.17,4.85,9.89
561,-0.17,4.85,9.89
562,-0.17,4.85,9.89
563,-0.17,4.84,9.89
564,-0.17,4.84,9.89
565,-0.17,4.84,9.89
566,-0.17,4.84,9.89
567,-0.17,4.84,9.89
568,-0.17,4.84,9.89
569,-0.17,4.84,9.89
570,-0.17,4.84,9.89
571,-0.17,4.84,9.89
572,-0.17,4.84,9.89
573,-0.17,4.84,9.89
574,-0.17,4.84,9.9
575,-0.17,4.84,9.89
576,-0.17,4.84,9.89
577,-0.17,4.84,9.89
578,-0.17,4.84,9.89
579,-0.17,4.84,9.89
580,-0.17,4.84,9.89
581,-0.17,4.84,9.89
582,-0.17,4.84,9.89
583,-0.17,4.84,9.89
584,-0.17,4.84,9.89
585,-0.17,4.85,9.89
586,-0.17,4.85,9.89
587,-0.17,4.85,9.89
588,-0.17,4.85,9.89
589,-0.17,4.85,9.89
590,-0.17,4.85,9.89
591,-0.17,4.85,9.89
592,-0.17,4.85,9.89
593,-0.17,4.85,9.89
594,-0.17,4.85,9.89
595,-0.17,4.85,9.89
596,-0.17,4.85,9.9
597,-0.17,4.85,9.9
598,-0.17,4.85,9.89
599,-0.17,4.84,9.89
600,-0.17,4.84,9.89
601,-0.17,4.84,9.89
602,-0.17,4.84,9.89
603,-0.17,4.84,9.89
604,-0.17,4.84,9.89
605,-0.17,4.84,9.89
606,-0.17,4.84,9.89
607,-0.17,4.84,9.89
608,-0.17,4.84,9.89
609,-0.17,4.84,9.89
610,-0.17,4.84,9.89
611,-0.17,4.84,9.89
612,-0.17,4.84,9.89
613,-0.17,4.84,9.89
614,-0.17,4.84,9.89
615,-0.17,4.84,9.89
616,-0.17,4.84,9.89
617,-0.17,4.84,9.89
618,-0.17,4.84,9.89
619,-0.17,4.84,9.89
620,-0.17,4.84,9.89
621,-0.17,4.84,9.89
622,-0.17,4.84,9.89
623,-0.17,4.84,9.89
624,-0.17,4.84,9.89
625,-0.17,4.84,9.89
626,-0.16,4.84,9.89
627,-0.17,4.84,9.89
628,-0.17,4.84,9.89
629,-0.17,4.84,9.89
630,-0.17,4.84,9.89
631,-0.17,4.84,9.89
632,-0.17,4.84,9.89
633,-0.17,4.84,9.89
634,-0.17,4.84,9.89
635,-0.16,4.84,9.9
636,-0.17,4.84,9.9
637,-0.17,4.84,9.89
638,-0.17,4.84,9.89
639,-0.17,4.84,9.89
640,-0.17,4.84,9.89
641,-0.17,4.84,9.89
642,-0.17,4.84,9.89
643,-0.17,4.84,9.89
644,-0.17,4.84,9.89
645,-0.17,4.84,9.89
646,-0.17,4.84,9.89
647,-0.17,4.84,9.89
648,-0.17,4.84,9.89
649,-0.17,4.84,9.89
650,-0.17,4.84,9.89
651,-0.18,4.84,9.89
652,-0.18,4.84,9.89
653,-0.18,4.84,9.89
654,-0.17,4.84,9.89
655,-0.17,4.84,9.9
656,-0.17,4.84,9.9
657,-0.17,4.84,9.9
658,-0.17,4.84,9.9
659,-0.17,4.84,9.89
660,-0.17,4.84,9.89
661,-0.17,4.84,9.89
662,-0.17,4.84,9.89
663,-0.17,4.84,9.89
664,-0.17,4.84,9.89
665,-0.17,4.84,9.89
666,-0.17,4.84,9.89
667,-0.17,4.84,9.89
668,-0.17,4.84,9.9
669,-0.17,4.84,9.9
670,-0.17,4.84,9.9
671,-0.17,4.84,9.9
672,-0.17,4.84,9.9
673,-0.17,4.84,9.9
674,-0.17,4.84,9.9
675,-0.17,4.84,9.9
676,-0.17,4.84,9.9
677,-0.17,4.84,9.9
678,-0.17,4.84,9.9
679,-0.17,4.84,9.9
680,-0.17,4.84,9.9
681,-0.17,4.84,9.9
682,-0.17,4.84,9.9
683,-0.17,4.84,9.9
684,-0.17,4.84,9.89
685,-0.17,4.84,9.89
686,-0.17,4.84,9.89
687,-0.17,4.84,9.89
688,-0.17,4.84,9.89
689,-0.17,4.84,9.9
690,-0.17,4.84,9.89
691,-0.17,4.84,9.89
692,-0.17,4.84,9.89
693,-0.17,4.84,9.89
694,-0.18,4.83,9.89
695,-0.18,4.83,9.89
696,-0.18,4.84,9.89
697,-0.18,4.84,9.89
698,-0.18,4.83,9.89
699,-0.18,4.84,9.89
700,-0.18,4.84,9.89
701,-0.17,4.84,9.89
702,-0.17,4.84,9.89
703,-0.18,4.84,9.89
704,-0.18,4.84,9.89
705,-0.18,4.83,9.89
706,-0.18,4.83,9.89
707,-0.18,4.83,9.89
708,-0.18,4.84,9.89
709,-0.18,4.84,9.89
710,-0.18,4.84,9.89
711,-0.17,4.84,9.89
712,-0.17,4.84,9.9
713,-0.17,4.84,9.9
714,-0.17,4.83,9.89
715,-0.17,4.83,9.89
716,-0.17,4.83,9.89
717,-0.17,4.83,9.89
718,-0.17,4.84,9.9
719,-0.17,4.84,9.9
720,-0.17,4.84,9.9
721,-0.17,4.84,9.89
722,-0.17,4.84,9.89
723,-0.17,4.84,9.89
724,-0.17,4.84,9.89
725,-0.17,4.84,9.89
726,-0.17,4.84,9.89
727,-0.17,4.84,9.89
728,-0.17,4.84,9.89
729,-0.17,4.84,9.89
730,-0.17,4.84,9.89
731,-0.17,4.84,9.89
732,-0.17,4.84,9.89
733,-0.17,4.84,9.89
734,-0.17,4.83,9.89
735,-0.17,4.83,9.89
736,-0.17,4.83,9.89
737,-0.17,4.83,9.89
738,-0.18,4.83,9.89
739,-0.17,4.83,9.89
740,-0.18,4.83,9.89
741,-0.18,4.83,9.89
742,-0.18,4.83,9.89
743,-0.18,4.83,9.89
744,-0.18,4.83,9.89
745,-0.18,4.83,9.89
746,-0.18,4.83,9.89
747,-0.18,4.83,9.89
748,-0.18,4.83,9.89
749,-0.18,4.83,9.89
750,-0.18,4.83,9.89
751,-0.18,4.83,9.89
752,-0.18,4.83,9.89
753,-0.18,4.83,9.89
754,-0.18,4.83,9.89
755,-0.18,4.83,9.89
756,-0.18,4.83,9.89
757,-0.18,4.83,9.89
758,-0.18,4.83,9.89
759,-0.18,4.83,9.89
760,-0.18,4.83,9.89
761,-0.18,4.83,9.89
762,-0.18,4.82,9.89
763,-0.18,4.82,9.89
764,-0.18,4.82,9.89
765,-0.18,4.82,9.89
766,-0.18,4.83,9.89
767,-0.18,4.83,9.89
768,-0.18,4.83,9.89
769,-0.18,4.83,9.89
770,-0.18,4.83,9.89
771,-0.18,4.82,9.89
772,-0.18,4.82,9.89
773,-0.18,4.83,9.89
774,-0.18,4.83,9.89
775,-0.18,4.83,9.89
776,-0.18,4.83,9.89
777,-0.18,4.83,9.89
778,-0.18,4.83,9.89
779,-0.18,4.83,9.89
780,-0.18,4.83,9.89
781,-0.18,4.83,9.9
782,-0.18,4.83,9.89
783,-0.18,4.83,9.89
784,-0.18,4.83,9.89
785,-0.18,4.83,9.89
786,-0.18,4.83,9.89
787,-0.18,4.83,9.89
788,-0.18,4.83,9.89
789,-0.18,4.83,9.89
790,-0.18,4.83,9.89
791,-0.18,4.83,9.89
792,-0.18,4.83,9.89
793,-0.18,4.83,9.89
794,-0.17,4.83,9.89
795,-0.17,4.83,9.89
796,-0.17,4.83,9.89
797,-0.18,4.83,9.89
798,-0.17,4.83,9.89
799,-0.17,4.83,9.89
800,-0.17,4.83,9.89
801,-0.17,4.83,9.89
802,-0.17,4.83,9.89
803,-0.18,4.83,9.89
804,-0.17,4.83,9.89
805,-0.17,4.83,9.9
806,-0.17,4.83,9.9
807,-0.17,4.83,9.9
808,-0.17,4.83,9.9
809,-0.17,4.83,9.9
810,-0.18,4.83,9.89
811,-0.18,4.83,9.89
812,-0.17,4.83,9.89
813,-0.17,4.83,9.89
814,-0.18,4.83,9.89
815,-0.18,4.83,9.89
816,-0.18,4.83,9.89
817,-0.18,4.83,9.89
818,-0.18,4.83,9.89
819,-0.18,4.83,9.89
820,-0.18,4.83,9.89
821,-0.18,4.83,9.89
822,-0.18,4.83,9.89
823,-0.18,4.84,9.89
824,-0.18,4.83,9.89
825,-0.18,4.83,9.89
826,-0.18,4.83,9.89
827,-0.18,4.83,9.89
828,-0.18,4.83,9.89
829,-0.18,4.83,9.89
830,-0.18,4.83,9.89
831,-0.18,4.83,9.89
832,-0.18,4.83,9.89
833,-0.18,4.83,9.89
834,-0.18,4.83,9.89
835,-0.18,4.83,9.89
836,-0.18,4.83,9.89
837,-0.18,4.83,9.89
838,-0.18,4.83,9.89
839,-0.18,4.83,9.89
840,-0.18,4.84,9.89
841,-0.17,4.84,9.89
842,-0.17,4.84,9.9
843,-0.17,4.84,9.9
844,-0.17,4.84,9.9
845,-0.17,4.84,9.9
846,-0.17,4.84,9.9
847,-0.17,4.84,9.89
848,-0.18,4.84,9.89
849,-0.18,4.84,9.89
850,-0.18,4.84,9.89
851,-0.17,4.84,9.89
852,-0.17,4.84,9.89
853,-0.17,4.84,9.89
854,-0.17,4.83,9.89
855,-0.18,4.83,9.89
856,-0.18,4.83,9.89
857,-0.18,4.83,9.89
858,-0.17,4.83,9.89
859,-0.17,4.83,9.89
860,-0.17,4.83,9.89
861,-0.17,4.83,9.89
862,-0.17,4.83,9.89
863,-0.17,4.83,9.89
864,-0.17,4.83,9.89
865,-0.17,4.83,9.89
866,-0.18,4.83,9.89
867,-0.18,4.83,9.89
868,-0.18,4.83,9.89
869,-0.18,4.83,9.89
870,-0.18,4.83,9.89
871,-0.18,4.83,9.89
872,-0.18,4.83,9.89
873,-0.18,4.83,9.89
874,-0.18,4.83,9.89
875,-0.18,4.83,9.89
876,-0.18,4.83,9.89
877,-0.18,4.83,9.89
878,-0.18,4.83,9.89
879,-0.18,4.83,9.89
880,-0.18,4.83,9.89
881,-0.18,4.83,9.89
882,-0.18,4.83,9.89
883,-0.18,4.83,9.89
884,-0.18,4.83,9.89
885,-0.18,4.83,9.89
886,-0.18,4.83,9.89
887,-0.18,4.83,9.89
888,-0.17,4.83,9.89
889,-0.17,4.84,9.89
890,-0.17,4.84,9.89
891,-0.17,4.84,9.89
892,-0.17,4.84,9.89
893,-0.17,4.83,9.89
894,-0.17,4.83,9.89
895,-0.17,4.83,9.89
896,-0.17,4.83,9.89
897,-0.17,4.84,9.89
898,-0.17,4.84,9.9
899,-0.17,4.84,9.9
900,-0.17,4.84,9.9
901,-0.17,4.84,9.9
902,-0.17,4.84,9.9
903,-0.17,4.84,9.9
904,-0.17,4.84,9.9
905,-0.17,4.84,9.9
906,-0.17,4.84,9.9
907,-0.17,4.84,9.9
908,-0.17,4.84,9.9
909,-0.17,4.84,9.9
910,-0.17,4.84,9.89
911,-0.17,4.84,9.89
912,-0.17,4.84,9.89
913,-0.17,4.84,9.89
914,-0.17,4.84,9.89
915,-0.17,4.84,9.89
916,-0.17,4.84,9.9
917,-0.17,4.84,9.9
918,-0.17,4.84,9.9
919,-0.17,4.84,9.89
920,-0.17,4.84,9.89
921,-0.17,4.84,9.9
922,-0.16,4.84,9.9
923,-0.16,4.84,9.9
924,-0.16,4.84,9.89
925,-0.16,4.84,9.9
926,-0.16,4.84,9.9
927,-0.16,4.84,9.9
928,-0.16,4.84,9.9
929,-0.16,4.84,9.9
930,-0.16,4.84,9.9
931,-0.16,4.84,9.9
932,-0.16,4.84,9.89
933,-0.17,4.84,9.89
934,-0.17,4.84,9.89
935,-0.16,4.84,9.89
936,-0.17,4.84,9.89
937,-0.17,4.84,9.89
938,-0.17,4.84,9.89
939,-0.17,4.84,9.89
940,-0.17,4.84,9.89
941,-0.17,4.84,9.89
942,-0.17,4.84,9.89
943,-0.17,4.84,9.89
944,-0.17,4.84,9.89
945,-0.17,4.84,9.89
946,-0.18,4.84,9.89
947,-0.18,4.84,9.89
948,-0.18,4.84,9.89
949,-0.18,4.84,9.89
950,-0.18,4.84,9.89
951,-0.18,4.84,9.89
952,-0.18,4.84,9.89
953,-0.18,4.84,9.89
954,-0.18,4.84,9.89
955,-0.18,4.83,9.89
956,-0.18,4.83,9.89
957,-0.18,4.83,9.89
958,-0.18,4.83,9.89
959,-0.18,4.83,9.89
960,-0.18,4.83,9.89
961,-0.18,4.83,9.89
962,-0.18,4.84,9.89
963,-0.18,4.84,9.89
964,-0.18,4.84,9.89
965,-0.18,4.84,9.89
966,-0.18,4.84,9.89
967,-0.18,4.84,9.89
968,-0.18,4.84,9.89
969,-0.18,4.84,9.89
970,-0.18,4.84,9.89
971,-0.18,4.84,9.89
972,-0.18,4.84,9.89
973,-0.18,4.84,9.89
974,-0.18,4.84,9.89
975,-0.18,4.84,9.89
976,-0.17,4.84,9.89
977,-0.17,4.84,9.89
978,-0.17,4.84,9.89
979,-0.17,4.84,9.89
980,-0.17,4.84,9.89
981,-0.17,4.84,9.89
982,-0.17,4.84,9.89
983,-0.17,4.84,9.89
984,-0.17,4.84,9.89
985,-0.17,4.84,9.89
986,-0.17,4.84,9.89
987,-0.17,4.84,9.89
988,-0.17,4.84,9.89
989,-0.17,4.84,9.89
990,-0.17,4.84,9.89
991,-0.17,4.84,9.89
992,-0.17,4.84,9.89
993,-0.17,4.84,9.89
994,-0.17,4.84,9.89
995,-0.17,4.84,9.89
996,-0.17,4.84,9.89
997,-0.17,4.84,9.89
998,-0.17,4.84,9.89
999,-0.17,4.84,9.89
1000,-0.17,4.84,9.89
1001,-0.17,4.84,9.89
1002,-0.17,4.84,9.89
1003,-0.17,4.84,9.89
1004,-0.17,4.84,9.89
1005,-0.17,4.84,9.89
1006,-0.17,4.84,9.89
1007,-0.17,4.84,9.89
1008,-0.17,4.84,9.89
1009,-0.17,4.84,9.89
1010,-0.17,4.84,9.89
1011,-0.17,4.84,9.89
1012,-0.17,4.84,9.9
1013,-0.17,4.85,9.9
1014,-0.17,4.85,9.9
1015,-0.17,4.85,9.89
1016,-0.17,4.85,9.89
1017,-0.17,4.85,9.89
1018,-0.17,4.85,9.89
1019,-0.17,4.85,9.89
1020,-0.17,4.85,9.89
1021,-0.17,4.85,9.89
1022,-0.17,4.85,9.89
1023,-0.17,4.85,9.89
1024,-0.17,4.84,9.89
1025,-0.17,4.85,9.89
1026,-0.17,4.84,9.9
1027,-0.17,4.84,9.9
1028,-0.16,4.84,9.9
1029,-0.17,4.84,9.89
1030,-0.17,4.84,9.89
1031,-0.17,4.84,9.89
1032,-0.17,4.84,9.89
1033,-0.16,4.84,9.9
1034,-0.16,4.84,9.9
1035,-0.17,4.84,9.89
1036,-0.17,4.84,9.89
1037,-0.17,4.84,9.89
1038,-0.17,4.84,9.89
1039,-0.17,4.84,9.89
1040,-0.17,4.84,9.89
1041,-0.17,4.85,9.9
1042,-0.17,4.85,9.9
1043,-0.17,4.85,9.9
1044,-0.17,4.85,9.89
1045,-0.17,4.85,9.89
1046,-0.17,4.85,9.89
1047,-0.17,4.85,9.9
1048,-0.16,4.85,9.9
1049,-0.16,4.85,9.9
1050,-0.16,4.85,9.9
1051,-0.16,4.85,9.9
1052,-0.16,4.85,9.9
1053,-0.16,4.85,9.9
1054,-0.16,4.85,9.9
1055,-0.16,4.85,9.9
1056,-0.16,4.85,9.9
1057,-0.16,4.85,9.89
1058,-0.16,4.85,9.89
1059,-0.16,4.85,9.89
1060,-0.16,4.85,9.89
1061,-0.16,4.85,9.89
1062,-0.16,4.85,9.89
1063,-0.16,4.85,9.89
1064,-0.16,4.85,9.89
1065,-0.16,4.85,9.89
1066,-0.16,4.85,9.89
1067,-0.16,4.85,9.89
1068,-0.17,4.85,9.89
1069,-0.17,4.85,9.89
1070,-0.17,4.85,9.89
1071,-0.17,4.85,9.89
1072,-0.17,4.85,9.9
1073,-0.17,4.85,9.9
1074,-0.17,4.85,9.9
1075,-0.17,4.85,9.89
1076,-0.17,4.85,9.89
1077,-0.17,4.84,9.89
1078,-0.17,4.84,9.89
1079,-0.17,4.84,9.89
1080,-0.17,4.84,9.89
1081,-0.17,4.84,9.89
1082,-0.17,4.84,9.89
1083,-0.17,4.84,9.89
1084,-0.17,4.85,9.89
1085,-0.17,4.85,9.89
1086,-0.16,4.85,9.89
1087,-0.16,4.85,9.89
1088,-0.17,4.85,9.89
1089,-0.17,4.85,9.89
1090,-0.16,4.85,9.89
1091,-0.16,4.85,9.89
1092,-0.16,4.85,9.89
1093,-0.16,4.85,9.89
1094,-0.17,4.84,9.89
1095,-0.17,4.84,9.89
1096,-0.17,4.84,9.89
1097,-0.17,4.84,9.89
1098,-0.17,4.84,9.89
1099,-0.17,4.84,9.9
1100,-0.17,4.84,9.89
1101,-0.17,4.84,9.89
1102,-0.17,4.84,9.89
1103,-0.17,4.84,9.89
1104,-0.17,4.84,9.89
1105,-0.17,4.84,9.89
1106,-0.17,4.84,9.89
1107,-0.17,4.84,9.89
1108,-0.17,4.84,9.89
1109,-0.17,4.84,9.89
1110,-0.17,4.84,9.89
1111,-0.17,4.84,9.89
1112,-0.17,4.84,9.89
1113,-0.17,4.84,9.89
1114,-0.17,4.84,9.89
1115,-0.17,4.84,9.89
1116,-0.17,4.84,9.89
1117,-0.17,4.84,9.89
1118,-0.17,4.84,9.89
1119,-0.17,4.84,9.89
1120,-0.17,4.84,9.89
1121,-0.17,4.84,9.89
1122,-0.17,4.84,9.89
1123,-0.17,4.84,9.89
1124,-0.17,4.84,9.89
1125,-0.17,4.84,9.89
1126,-0.17,4.84,9.89
1127,-0.17,4.84,9.89
1128,-0.17,4.84,9.9
1129,-0.17,4.84,9.9
1130,-0.17,4.84,9.9
1131,-0.17,4.84,9.89
1132,-0.17,4.84,9.89
1133,-0.17,4.84,9.89
1134,-0.17,4.84,9.89
1135,-0.17,4.84,9.89
1136,-0.17,4.84,9.89
1137,-0.17,4.84,9.9
1138,-0.17,4.84,9.9
1139,-0.17,4.84,9.9
1140,-0.17,4.84,9.9
1141,-0.17,4.84,9.89
1142,-0.17,4.84,9.89
1143,-0.17,4.84,9.89
1144,-0.17,4.84,9.89
1145,-0.17,4.84,9.89
1146,-0.17,4.84,9.89
1147,-0.17,4.84,9.9
1148,-0.17,4.84,9.9
1149,-0.17,4.84,9.9
1150,-0.17,4.84,9.9
1151,-0.17,4.84,9.9
1152,-0.17,4.84,9.9
1153,-0.17,4.84,9.9
1154,-0.17,4.84,9.9
1155,-0.17,4.84,9.9
1156,-0.17,4.84,9.9
1157,-0.17,4.84,9.9
1158,-0.17,4.84,9.9
1159,-0.17,4.84,9.9
1160,-0.17,4.84,9.9
1161,-0.17,4.84,9.9
1162,-0.17,4.84,9.9
1163,-0.17,4.84,9.9
1164,-0.17,4.84,9.9
1165,-0.17,4.84,9.9
1166,-0.17,4.84,9.9
1167,-0.17,4.84,9.9
1168,-0.17,4.84,9.9
1169,-0.18,4.84,9.89
1170,-0.18,4.83,9.89
1171,-0.18,4.83,9.89
1172,-0.18,4.83,9.89
1173,-0.17,4.84,9.9
1174,-0.17,4.84,9.9
1175,-0.17,4.84,9.9
1176,-0.17,4.84,9.9
1177,-0.17,4.84,9.9
1178,-0.17,4.84,9.9
1179,-0.17,4.84,9.9
1180,-0.17,4.84,9.9
1181,-0.17,4.84,9.9
1182,-0.17,4.84,9.9
1183,-0.17,4.84,9.89
1184,-0.17,4.84,9.9
1185,-0.17,4.84,9.9
1186,-0.17,4.84,9.9
1187,-0.17,4.84,9.9
1188,-0.17,4.84,9.9
1189,-0.17,4.84,9.9
1190,-0.17,4.84,9.89
1191,-0.18,4.84,9.89
1192,-0.18,4.84,9.89
1193,-0.18,4.84,9.89
1194,-0.18,4.84,9.89
1195,-0.17,4.84,9.89
1196,-0.17,4.84,9.89
1197,-0.17,4.83,9.89
1198,-0.17,4.83,9.89
1199,-0.18,4.83,9.89
1200,-0.18,4.83,9.89
1201,-0.18,4.83,9.89
1202,-0.18,4.83,9.89
1203,-0.17,4.83,9.89
1204,-0.17,4.83,9.89
1205,-0.17,4.83,9.89
1206,-0.17,4.83,9.89
1207,-0.17,4.83,9.89
1208,-0.17,4.83,9.89
1209,-0.17,4.83,9.89
1210,-0.17,4.83,9.89
1211,-0.17,4.83,9.89
1212,-0.17,4.83,9.89
1213,-0.17,4.84,9.89
1214,-0.17,4.84,9.89
1215,-0.17,4.84,9.89
1216,-0.17,4.84,9.89
1217,-0.17,4.84,9.89
1218,-0.17,4.84,9.89
1219,-0.17,4.84,9.89
1220,-0.17,4.84,9.89
1221,-0.17,4.84,9.89
1222,-0.17,4.84,9.89
1223,-0.17,4.84,9.89
1224,-0.17,4.84,9.89
1225,-0.17,4.84,9.89
1226,-0.17,4.84,9.89
1227,-0.17,4.83,9.89
1228,-0.17,4.84,9.89
1229,-0.17,4.84,9.89
1230,-0.17,4.84,9.89
1231,-0.16,4.84,9.89
1232,-0.16,4.84,9.89
1233,-0.16,4.84,9.89
1234,-0.16,4.84,9.89
1235,-0.17,4.84,9.89
1236,-0.17,4.84,9.89
1237,-0.17,4.84,9.89
1238,-0.17,4.84,9.89
1239,-0.17,4.84,9.89
1240,-0.17,4.84,9.89
1241,-0.17,4.84,9.89
1242,-0.17,4.84,9.89
1243,-0.17,4.84,9.89
1244,-0.17,4.84,9.89
1245,-0.17,4.84,9.89
1246,-0.17,4.84,9.89
1247,-0.17,4.84,9.89
1248,-0.17,4.84,9.89
1249,-0.18,4.84,9.89
1250,-0.18,4.83,9.89
1251,-0.18,4.83,9.89
1252,-0.17,4.83,9.89
1253,-0.17,4.83,9.89
1254,-0.17,4.83,9.89
1255,-0.17,4.83,9.89
1256,-0.17,4.83,9.89
1257,-0.17,4.83,9.89
1258,-0.17,4.83,9.89
1259,-0.17,4.83,9.89
1260,-0.17,4.83,9.89
1261,-0.17,4.83,9.89
1262,-0.17,4.83,9.89
1263,-0.17,4.83,9.89
1264,-0.17,4.83,9.89
1265,-0.17,4.83,9.89
1266,-0.17,4.83,9.89
1267,-0.17,4.84,9.89
1268,-0.17,4.84,9.89
1269,-0.17,4.84,9.89
1270,-0.17,4.84,9.89
1271,-0.18,4.84,9.89
1272,-0.18,4.84,9.89
1273,-0.18,4.84,9.89
1274,-0.18,4.84,9.89
1275,-0.18,4.83,9.89
1276,-0.18,4.83,9.89
1277,-0.18,4.83,9.89
1278,-0.18,4.83,9.89
1279,-0.18,4.83,9.9
1280,-0.18,4.83,9.89
1281,-0.17,4.83,9.9
1282,-0.17,4.83,9.89
1283,-0.17,4.83,9.89
1284,-0.17,4.83,9.89
1285,-0.17,4.83,9.89
1286,-0.18,4.83,9.89
1287,-0.18,4.83,9.89
1288,-0.18,4.83,9.89
1289,-0.18,4.83,9.89
1290,-0.18,4.83,9.89
1291,-0.18,4.83,9.89
1292,-0.18,4.83,9.89
1293,-0.18,4.83,9.89
1294,-0.18,4.83,9.89
1295,-0.18,4.83,9.89
1296,-0.18,4.83,9.89
1297,-0.18,4.83,9.89
1298,-0.18,4.83,9.89
1299,-0.18,4.83,9.89
1300,-0.18,4.83,9.89
1301,-0.18,4.83,9.89
1302,-0.18,4.83,9.9
1303,-0.18,4.83,9.9
1304,-0.18,4.83,9.9
1305,-0.18,4.83,9.89
1306,-0.18,4.83,9.89
1307,-0.18,4.83,9.89
1308,-0.18,4.83,9.89
1309,-0.18,4.83,9.89
1310,-0.18,4.83,9.89
1311,-0.18,4.83,9.89
1312,-0.17,4.83,9.89
1313,-0.18,4.83,9.89
1314,-0.18,4.83,9.89
1315,-0.18,4.83,9.89
1316,-0.18,4.83,9.89
1317,-0.18,4.83,9.89
1318,-0.18,4.83,9.89
1319,-0.18,4.83,9.89
1320,-0.18,4.83,9.89
1321,-0.18,4.83,9.89
1322,-0.18,4.83,9.89
1323,-0.18,4.83,9.89
1324,-0.18,4.83,9.89
1325,-0.18,4.83,9.89
1326,-0.18,4.83,9.89
1327,-0.18,4.83,9.89
1328,-0.18,4.83,9.89
1329,-0.18,4.83,9.89
1330,-0.18,4.83,9.89
1331,-0.18,4.83,9.89
1332,-0.18,4.83,9.89
1333,-0.18,4.83,9.89
1334,-0.18,4.83,9.89
1335,-0.18,4.83,9.89
1336,-0.18,4.83,9.89
1337,-0.18,4.83,9.89
1338,-0.18,4.83,9.89
1339,-0.18,4.83,9.89
1340,-0.18,4.83,9.89
1341,-0.18,4.83,9.89
1342,-0.18,4.83,9.89
1343,-0.18,4.83,9.89
1344,-0.18,4.83,9.89
1345,-0.18,4.83,9.89
1346,-0.18,4.83,9.89
1347,-0.18,4.83,9.89
1348,-0.17,4.83,9.89
1349,-0.17,4.83,9.89
1350,-0.17,4.84,9.89
1351,-0.17,4.84,9.89
1352,-0.17,4.84,9.89
1353,-0.17,4.84,9.89
1354,-0.17,4.84,9.89
1355,-0.17,4.84,9.89
1356,-0.17,4.84,9.9
1357,-0.17,4.84,9.9
1358,-0.17,4.84,9.89
1359,-0.17,4.84,9.89
1360,-0.17,4.84,9.89
1361,-0.17,4.84,9.89
1362,-0.17,4.83,9.89
1363,-0.17,4.83,9.89
1364,-0.17,4.83,9.89
1365,-0.17,4.83,9.89
1366,-0.17,4.83,9.89
1367,-0.17,4.83,9.89
1368,-0.17,4.83,9.89
1369,-0.17,4.83,9.89
1370,-0.17,4.83,9.89
1371,-0.17,4.83,9.89
1372,-0.17,4.83,9.89
1373,-0.17,4.83,9.89
1374,-0.17,4.83,9.89
1375,-0.17,4.83,9.89
1376,-0.17,4.83,9.89
1377,-0.17,4.83,9.89
1378,-0.18,4.83,9.89
1379,-0.18,4.83,9.89
1380,-0.17,4.83,9.89
1381,-0.18,4.83,9.89
1382,-0.18,4.83,9.89
1383,-0.18,4.83,9.89
1384,-0.18,4.83,9.89
1385,-0.17,4.83,9.89
1386,-0.17,4.83,9.89
1387,-0.17,4.83,9.89
1388,-0.17,4.84,9.89
1389,-0.17,4.84,9.89
1390,-0.17,4.84,9.89
1391,-0.17,4.84,9.89
1392,-0.17,4.84,9.9
1393,-0.17,4.84,9.9
1394,-0.17,4.84,9.89
1395,-0.17,4.84,9.89
1396,-0.17,4.84,9.89
1397,-0.17,4.84,9.89
1398,-0.17,4.84,9.9
1399,-0.17,4.84,9.9
1400,-0.16,4.84,9.9
1401,-0.16,4.84,9.9
1402,-0.16,4.84,9.9
1403,-0.16,4.84,9.9
1404,-0.16,4.84,9.9
1405,-0.16,4.84,9.9
1406,-0.16,4.84,9.9
1407,-0.16,4.84,9.9
1408,-0.17,4.84,9.9
1409,-0.17,4.84,9.9
1410,-0.17,4.84,9.9
1411,-0.17,4.84,9.9
1412,-0.17,4.84,9.9
1413,-0.17,4.84,9.9
1414,-0.17,4.84,9.9
1415,-0.17,4.84,9.9
1416,-0.17,4.84,9.9
1417,-0.17,4.84,9.9
1418,-0.17,4.84,9.9
1419,-0.17,4.84,9.9
1420,-0.17,4.84,9.9
1421,-0.17,4.84,9.9
1422,-0.17,4.84,9.9
1423,-0.17,4.84,9.9
1424,-0.17,4.84,9.9
1425,-0.17,4.84,9.9
1426,-0.17,4.84,9.9
1427,-0.17,4.84,9.9
1428,-0.17,4.84,9.9
1429,-0.17,4.84,9.9
1430,-0.17,4.84,9.9
1431,-0.17,4.84,9.89
1432,-0.17,4.84,9.89
1433,-0.17,4.84,9.89
1434,-0.17,4.84,9.89
1435,-0.17,4.84,9.89
1436,-0.17,4.84,9.89
1437,-0.17,4.84,9.89
1438,-0.17,4.84,9.89
1439,-0.17,4.84,9.89
1440,-0.18,4.83,9.89
1441,-0.18,4.83,9.89
1442,-0.18,4.83,9.89
1443,-0.18,4.83,9.89
1444,-0.18,4.83,9.89
1445,-0.18,4.83,9.89
1446,-0.18,4.83,9.89
1447,-0.18,4.83,9.89
1448,-0.18,4.83,9.89
1449,-0.18,4.83,9.89
1450,-0.18,4.83,9.89
1451,-0.18,4.83,9.89
1452,-0.19,4.83,9.89
1453,-0.19,4.83,9.89
1454,-0.19,4.83,9.89
1455,-0.19,4.83,9.89
1456,-0.19,4.83,9.89
1457,-0.19,4.83,9.89
1458,-0.19,4.83,9.89
1459,-0.19,4.83,9.89
1460,-0.19,4.82,9.89
1461,-0.19,4.83,9.89
1462,-0.19,4.83,9.89
1463,-0.19,4.83,9.89
1464,-0.19,4.83,9.89
1465,-0.19,4.83,9.89
1466,-0.19,4.83,9.89
1467,-0.19,4.83,9.89
1468,-0.19,4.83,9.89
1469,-0.19,4.83,9.89
1470,-0.19,4.83,9.89
1471,-0.19,4.83,9.89
1472,-0.19,4.83,9.89
1473,-0.19,4.83,9.89
1474,-0.19,4.83,9.89
1475,-0.19,4.83,9.89
1476,-0.19,4.83,9.89
1477,-0.19,4.83,9.89
1478,-0.19,4.83,9.89
1479,-0.19,4.83,9.89
1480,-0.19,4.83,9.89
1481,-0.19,4.83,9.89
1482,-0.19,4.83,9.89
1483,-0.2,4.83,9.89
1484,-0.2,4.83,9.89
1485,-0.2,4.83,9.89
1486,-0.21,4.83,9.89
1487,-0.21,4.83,9.89
1488,-0.22,4.83,9.89
1489,-0.23,4.83,9.89
1490,-0.24,4.83,9.89
1491,-0.24,4.83,9.89
1492,-0.26,4.83,9.89
1493,-0.27,4.83,9.89
1494,-0.28,4.83,9.89
1495,-0.28,4.82,9.89
1496,-0.28,4.82,9.89
1497,-0.28,4.82,9.89
1498,-0.29,4.82,9.89
1499,-0.3,4.81,9.88
1500,-0.29,4.81,9.88
1501,-0.21,4.81,9.88
1502,-0.14,4.8,9.88
1503,-0.09,4.8,9.88
1504,-0.05,4.79,9.87
1505,-0.03,4.78,9.87
1506,0.01,4.77,9.87
1507,0.07,4.76,9.86
1508,0.12,4.75,9.86
1509,0.13,4.75,9.85
1510,0.12,4.76,9.85
1511,0.12,4.76,9.86
1512,0.1,4.75,9.86
1513,0.07,4.75,9.86
1514,0.02,4.75,9.86
1515,-0.03,4.84,9.86
1516,-0.08,4.91,9.89
1517,-0.12,4.94,9.95
1518,-0.15,4.97,9.97
1519,-0.16,4.98,9.98
1520,-0.19,5.01,9.98
1521,-0.23,5.08,9.99
1522,-0.23,5.11,10.02
1523,-0.19,5.11,10.04
1524,-0.1,5.08,10.04
1525,-0.04,5.06,10.02
1526,-0.04,5.04,9.99
1527,-0.07,5.01,9.98
1528,-0.15,4.96,9.96
1529,-0.19,4.91,9.93
1530,-0.21,4.86,9.9
1531,-0.25,4.82,9.88
1532,-0.36,4.81,9.86
1533,-0.49,4.82,9.84
1534,-0.64,4.8,9.85
1535,-0.82,4.76,9.85
1536,-1.08,4.78,9.83
1537,-1.32,4.83,9.83
1538,-1.33,4.93,9.85
1539,-1.15,4.98,9.9
1540,-0.84,4.97,9.94
1541,-0.57,4.94,9.96
1542,-0.46,4.87,9.93
1543,-0.49,4.82,9.9
1544,-0.59,4.81,9.86
1545,-0.61,4.77,9.86
1546,-0.44,4.63,9.85
1547,-0.1,4.5,9.8
1548,0.38,4.36,9.72
1549,0.87,4.21,9.67
1550,1.19,4,9.6
1551,1.34,3.81,9.52
1552,1.39,3.85,9.41
1553,1.45,4.07,9.38
1554,1.59,4.34,9.5
1555,1.77,4.59,9.67
1556,1.89,4.69,9.86
1557,1.88,4.67,9.95
1558,1.76,4.63,9.94
1559,1.46,4.67,9.89
1560,0.94,4.89,9.87
1561,0.27,5.18,9.95
1562,-0.43,5.57,10.09
1563,-1.08,5.94,10.28
1564,-1.62,6.12,10.48
1565,-2.05,6.19,10.62
1566,-2.33,6.21,10.65
1567,-2.38,6.28,10.64
1568,-2.37,6.4,10.62
1569,-2.29,6.5,10.64
1570,-2.05,6.5,10.67
1571,-1.68,6.36,10.67
1572,-1.23,6.18,10.58
1573,-0.74,5.88,10.43
1574,-0.22,5.4,10.23
1575,0.28,4.79,9.97
1576,0.74,4.15,9.63
1577,1.13,3.57,9.3
1578,1.41,3.12,9.03
1579,1.55,2.82,8.82
1580,1.57,2.71,8.68
1581,1.45,2.69,8.62
1582,1.21,2.77,8.64
1583,0.87,2.96,8.73
1584,0.46,3.35,8.9
1585,0.02,3.87,9.14
1586,-0.41,4.43,9.43
1587,-0.8,4.96,9.74
1588,-1.13,5.41,10.05
1589,-1.4,5.76,10.29
1590,-1.64,6.09,10.51
1591,-1.81,6.36,10.7
1592,-1.94,6.54,10.88
1593,-2,6.58,11
1594,-1.94,6.47,11
1595,-1.8,6.18,10.92
1596,-1.59,5.78,10.76
1597,-1.33,5.38,10.53
1598,-1.04,4.97,10.28
1599,-0.77,4.58,10.03
1600,-0.53,4.25,9.79
1601,-0.3,4.01,9.59
1602,-0.07,3.88,9.42
1603,0.13,3.78,9.27
1604,0.31,3.66,9.13
1605,0.53,3.57,9.01
1606,0.76,3.5,8.94
1607,0.95,3.52,8.91
1608,1.08,3.62,8.92
1609,1.06,3.78,9.01
1610,0.91,3.97,9.19
1611,0.72,4.15,9.38
1612,0.51,4.31,9.57
1613,0.36,4.51,9.73
1614,0.25,4.72,9.87
1615,0.2,4.9,9.99
1616,0.17,5.07,10.1
1617,0.14,5.17,10.23
1618,0.08,5.15,10.35
1619,0.04,5.11,10.42
1620,0,5.1,10.47
1621,-0.07,5.23,10.49
1622,-0.24,5.39,10.49
1623,-0.43,5.47,10.48
1624,-0.62,5.5,10.47
1625,-0.71,5.4,10.44
1626,-0.74,5.2,10.36
1627,-0.7,5.06,10.23
1628,-0.57,4.99,10.06
1629,-0.41,5.06,9.86
1630,-0.31,5.18,9.68
1631,-0.22,5.29,9.57
1632,-0.14,5.42,9.53
1633,-0.04,5.47,9.53
1634,0.11,5.45,9.57
1635,0.25,5.39,9.62
1636,0.39,5.33,9.69
1637,0.54,5.29,9.79
1638,0.65,5.21,9.91
1639,0.73,5.05,10.02
1640,0.74,4.87,10.14
1641,0.68,4.69,10.24
1642,0.59,4.48,10.34
1643,0.47,4.25,10.42
1644,0.35,4.09,10.45
1645,0.18,4.02,10.39
1646,-0.05,4.05,10.29
1647,-0.33,4.15,10.18
1648,-0.62,4.32,10.08
1649,-0.86,4.54,9.97
1650,-1.01,4.81,9.85
1651,-1.07,5.09,9.73
1652,-1.08,5.35,9.63
1653,-1.04,5.55,9.58
1654,-0.98,5.7,9.55
1655,-0.91,5.82,9.53
1656,-0.85,5.86,9.54
1657,-0.8,5.79,9.58
1658,-0.8,5.68,9.63
1659,-0.79,5.51,9.66
1660,-0.76,5.33,9.69
1661,-0.69,5.14,9.71
1662,-0.62,4.87,9.75
1663,-0.53,4.53,9.79
1664,-0.35,4.19,9.81
1665,-0.07,3.96,9.81
1666,0.27,3.88,9.82
1667,0.61,3.91,9.84
1668,0.89,3.99,9.85
1669,1.11,4.1,9.88
1670,1.31,4.22,9.94
1671,1.46,4.28,10.03
1672,1.54,4.29,10.15
1673,1.52,4.25,10.26
1674,1.41,4.2,10.32
1675,1.16,4.18,10.33
1676,0.84,4.21,10.29
1677,0.5,4.28,10.2
1678,0.06,4.39,10.11
1679,-0.45,4.53,10.02
1680,-0.93,4.73,9.95
1681,-1.37,4.97,9.89
1682,-1.69,5.23,9.85
1683,-1.86,5.49,9.81
1684,-1.89,5.75,9.75
1685,-1.85,6,9.67
1686,-1.73,6.23,9.58
1687,-1.51,6.44,9.51
1688,-1.25,6.55,9.46
1689,-0.97,6.57,9.45
1690,-0.71,6.49,9.48
1691,-0.44,6.27,9.54
1692,-0.16,5.92,9.62
1693,0.09,5.48,9.67
1694,0.24,4.97,9.72
1695,0.26,4.47,9.81
1696,0.19,4.05,9.94
1697,0.06,3.77,10.08
1698,-0.09,3.55,10.18
1699,-0.16,3.48,10.22
1700,-0.12,3.48,10.24
1701,-0.05,3.5,10.22
1702,0.04,3.51,10.17
1703,0.11,3.48,10.08
1704,0.16,3.43,9.95
1705,0.25,3.4,9.79
1706,0.33,3.45,9.66
1707,0.4,3.72,9.58
1708,0.43,4.18,9.56
1709,0.46,4.77,9.61
1710,0.46,5.36,9.69
1711,0.46,5.81,9.8
1712,0.48,6.07,9.92
1713,0.53,6.2,10.02
1714,0.58,6.26,10.12
1715,0.55,6.25,10.17
1716,0.4,6.16,10.21
1717,0.04,6.02,10.21
1718,-0.45,5.84,10.2
1719,-0.93,5.67,10.16
1720,-1.28,5.55,10.11
1721,-1.51,5.48,10.09
1722,-1.65,5.4,10.07
1723,-1.73,5.2,10.07
1724,-1.78,4.9,9.99
1725,-1.79,4.46,9.87
1726,-1.75,3.89,9.69
1727,-1.63,3.31,9.46
1728,-1.42,2.86,9.23
1729,-1.08,2.65,9.07
1730,-0.6,2.66,9.02
1731,-0.07,2.86,9.09
1732,0.41,3.18,9.24
1733,0.84,3.53,9.45
1734,1.2,3.88,9.67
1735,1.41,4.26,9.88
1736,1.48,4.66,10.09
1737,1.48,5.1,10.3
1738,1.38,5.52,10.5
1739,1.19,5.86,10.66
1740,0.99,6.08,10.77
1741,0.7,6.16,10.8
1742,0.32,6.15,10.79
1743,-0.07,6.08,10.71
1744,-0.43,5.9,10.57
1745,-0.73,5.65,10.37
1746,-0.93,5.4,10.13
1747,-1.01,5.23,9.92
1748,-1.05,5.15,9.76
1749,-1.12,5.14,9.63
1750,-1.2,5.18,9.53
1751,-1.24,5.21,9.47
1752,-1.21,5.16,9.46
1753,-1.06,5.05,9.47
1754,-0.81,4.91,9.51
1755,-0.53,4.78,9.61
1756,-0.3,4.7,9.74
1757,-0.16,4.62,9.85
1758,-0.03,4.53,9.87
1759,0.15,4.41,9.82
1760,0.34,4.3,9.71
1761,0.52,4.24,9.59
1762,0.65,4.22,9.48
1763,0.72,4.23,9.44
1764,0.82,4.27,9.47
1765,0.96,4.37,9.52
1766,1.09,4.52,9.62
1767,1.16,4.7,9.73
1768,1.19,4.85,9.86
1769,1.14,4.95,9.98
1770,1,5.04,10.11
1771,0.7,5.12,10.21
1772,0.21,5.15,10.26
1773,-0.36,5.16,10.24
1774,-0.9,5.1,10.19
1775,-1.32,5,10.13
1776,-1.57,4.88,10.07
1777,-1.66,4.82,10.08
1778,-1.64,4.85,10.16
1779,-1.57,4.86,10.28
1780,-1.43,4.84,10.36
1781,-1.21,4.82,10.35
1782,-0.86,4.83,10.29
1783,-0.41,4.8,10.17
1784,0.08,4.78,10.08
1785,0.53,4.69,10.06
1786,0.86,4.59,10.1
1787,1.07,4.55,10.13
1788,1.18,4.61,10.12
1789,1.15,4.78,10.07
1790,0.96,5.03,9.99
1791,0.59,5.33,9.9
1792,0.08,5.59,9.76
1793,-0.43,5.79,9.56
1794,-0.84,5.95,9.32
1795,-1.13,6.05,9.11
1796,-1.31,6.09,8.94
1797,-1.43,6.04,8.84
1798,-1.48,5.94,8.83
1799,-1.44,5.79,8.91
1800,-1.31,5.6,9.06
1801,-1.1,5.39,9.27
1802,-0.8,5.1,9.52
1803,-0.45,4.69,9.74
1804,-0.03,4.19,9.98
1805,0.39,3.66,10.22
1806,0.74,3.17,10.42
1807,0.99,2.77,10.58
1808,1.15,2.62,10.66
1809,1.17,2.62,10.68
1810,1.04,2.67,10.67
1811,0.73,2.92,10.63
1812,0.29,3.22,10.5
1813,-0.14,3.56,10.28
1814,-0.45,3.95,10.03
1815,-0.65,4.41,9.79
1816,-0.76,4.92,9.62
1817,-0.86,5.43,9.56
1818,-0.97,5.91,9.6
1819,-1.08,6.32,9.72
1820,-1.15,6.66,9.86
1821,-1.13,6.86,10.01
1822,-0.97,6.87,10.1
1823,-0.7,6.67,10.12
1824,-0.39,6.32,10.1
1825,-0.09,5.9,10.07
1826,0.15,5.5,10.01
1827,0.27,5.13,9.96
1828,0.28,4.82,9.91
1829,0.26,4.55,9.85
1830,0.24,4.34,9.79
1831,0.21,4.15,9.73
1832,0.15,3.97,9.71
1833,0.07,3.83,9.7
1834,0,3.79,9.69
1835,0.02,3.88,9.68
1836,0.09,4.03,9.67
1837,0.15,4.17,9.71
1838,0.18,4.23,9.8
1839,0.17,4.26,9.89
1840,0.12,4.24,9.96
1841,0.05,4.27,10
1842,-0.07,4.42,10
1843,-0.24,4.7,9.96
1844,-0.43,5.03,9.87
1845,-0.61,5.31,9.74
1846,-0.8,5.55,9.6
1847,-0.96,5.75,9.5
1848,-1.05,5.89,9.47
1849,-1.11,5.95,9.47
1850,-1.16,5.9,9.49
1851,-1.23,5.74,9.53
1852,-1.22,5.5,9.6
1853,-1.08,5.25,9.71
1854,-0.79,5.03,9.86
1855,-0.36,4.73,10.03
1856,0.17,4.37,10.2
1857,0.71,3.95,10.35
1858,1.19,3.58,10.48
1859,1.51,3.32,10.59
1860,1.64,3.23,10.67
1861,1.6,3.3,10.7
1862,1.44,3.48,10.63
1863,1.24,3.72,10.47
1864,1.03,3.98,10.26
1865,0.79,4.3,10.04
1866,0.49,4.64,9.85
1867,0.16,4.99,9.68
1868,-0.18,5.38,9.52
1869,-0.48,5.8,9.4
1870,-0.75,6.21,9.32
1871,-0.96,6.49,9.29
1872,-1.09,6.57,9.32
1873,-1.15,6.44,9.39
1874,-1.13,6.17,9.51
1875,-1.07,5.81,9.69
1876,-1,5.41,9.89
1877,-0.92,4.98,10.09
1878,-0.89,4.63,10.23
1879,-0.88,4.41,10.31
1880,-0.88,4.33,10.34
1881,-0.83,4.33,10.32
1882,-0.7,4.39,10.25
1883,-0.55,4.5,10.15
1884,-0.39,4.65,10.07
1885,-0.21,4.82,9.99
1886,-0.03,5,9.9
1887,0.11,5.14,9.8
1888,0.23,5.21,9.7
1889,0.37,5.23,9.63
1890,0.51,5.23,9.61
1891,0.67,5.23,9.64
1892,0.83,5.23,9.7
1893,0.93,5.21,9.79
1894,0.95,5.22,9.92
1895,0.85,5.23,10.04
1896,0.64,5.21,10.15
1897,0.35,5.19,10.22
1898,0.08,5.15,10.25
1899,-0.14,5.08,10.22
1900,-0.32,4.95,10.17
1901,-0.49,4.78,10.1
1902,-0.63,4.61,10
1903,-0.74,4.44,9.88
1904,-0.83,4.29,9.74
1905,-0.93,4.12,9.59
1906,-0.99,3.96,9.44
1907,-0.94,3.8,9.29
1908,-0.77,3.66,9.15
1909,-0.55,3.51,9.06
1910,-0.35,3.42,9.01
1911,-0.29,3.39,9.02
1912,-0.38,3.51,9.13
1913,-0.58,3.76,9.29
1914,-0.81,4.16,9.53
1915,-0.95,4.57,9.78
1916,-0.95,4.93,10.01
1917,-0.84,5.09,10.17
1918,-0.72,5.15,10.28
1919,-0.67,5.12,10.34
1920,-0.7,5.1,10.41
1921,-0.74,5.1,10.48
1922,-0.75,5.12,10.54
1923,-0.66,5.16,10.56
1924,-0.47,5.23,10.55
1925,-0.23,5.27,10.49
1926,-0.02,5.27,10.38
1927,0.19,5.28,10.27
1928,0.4,5.37,10.16
1929,0.61,5.52,10.1
1930,0.8,5.68,10.07
1931,0.95,5.76,10.01
1932,1.05,5.74,9.91
1933,1.1,5.68,9.82
1934,1.12,5.6,9.74
1935,1.13,5.48,9.7
1936,1.12,5.3,9.71
1937,1.08,5.09,9.75
1938,0.99,4.87,9.79
1939,0.83,4.64,9.81
1940,0.62,4.44,9.8
1941,0.34,4.26,9.75
1942,0.04,4.09,9.69
1943,-0.25,3.97,9.66
1944,-0.49,3.92,9.65
1945,-0.63,3.93,9.65
1946,-0.7,3.94,9.61
1947,-0.71,3.98,9.55
1948,-0.76,4.1,9.47
1949,-0.85,4.32,9.41
1950,-0.94,4.59,9.42
1951,-1,4.86,9.51
1952,-1.05,5.07,9.64
1953,-1.07,5.2,9.75
1954,-1.05,5.26,9.84
1955,-0.97,5.27,9.94
1956,-0.87,5.23,10.07
1957,-0.79,5.17,10.23
1958,-0.73,5.13,10.39
1959,-0.68,5.12,10.51
1960,-0.6,5.11,10.6
1961,-0.47,5.05,10.62
1962,-0.34,4.99,10.6
1963,-0.21,4.92,10.53
1964,-0.09,4.88,10.45
1965,0,4.88,10.38
1966,0.06,4.95,10.29
1967,0.07,5.04,10.19
1968,0.09,5.14,10.05
1969,0.12,5.22,9.9
1970,0.16,5.29,9.77
1971,0.2,5.33,9.67
1972,0.2,5.37,9.62
1973,0.11,5.41,9.59
1974,-0.08,5.41,9.58
1975,-0.28,5.34,9.57
1976,-0.4,5.18,9.56
1977,-0.46,4.98,9.55
1978,-0.45,4.75,9.58
1979,-0.39,4.54,9.64
1980,-0.35,4.36,9.71
1981,-0.32,4.22,9.8
1982,-0.3,4.11,9.87
1983,-0.27,4.05,9.9
1984,-0.16,4.04,9.91
1985,0.05,4.11,9.88
1986,0.33,4.28,9.82
1987,0.65,4.51,9.77
1988,0.9,4.75,9.75
1989,1.02,4.95,9.75
1990,0.99,5.08,9.74
1991,0.85,5.12,9.71
1992,0.6,5.11,9.68
1993,0.36,5.1,9.67
1994,0.22,5.09,9.68
1995,0.14,5.08,9.74
1996,0.09,5.06,9.83
1997,0,5.02,9.93
1998,-0.15,4.94,10.05
1999,-0.33,4.83,10.15
2000,-0.53,4.71,10.22
2001,-0.69,4.62,10.23
2002,-0.78,4.6,10.19
2003,-0.78,4.68,10.14
2004,-0.72,4.8,10.07
2005,-0.64,4.89,10
2006,-0.52,4.94,9.93
2007,-0.4,4.96,9.87
2008,-0.27,4.98,9.85
2009,-0.14,4.98,9.86
2010,-0.05,4.98,9.85
2011,-0.02,4.98,9.83
2012,-0.03,5,9.8
2013,-0.04,5.05,9.76
2014,-0.06,5.09,9.74
2015,-0.11,5.07,9.73
2016,-0.2,4.98,9.73
2017,-0.3,4.87,9.77
2018,-0.42,4.76,9.81
2019,-0.54,4.71,9.85
2020,-0.63,4.74,9.87
2021,-0.7,4.84,9.88
2022,-0.74,4.94,9.89
2023,-0.75,5,9.92
2024,-0.74,5.01,9.98
2025,-0.75,4.93,10.04
2026,-0.75,4.78,10.1
2027,-0.71,4.65,10.1
2028,-0.66,4.59,10.05
2029,-0.58,4.59,9.97
2030,-0.5,4.61,9.87
2031,-0.43,4.62,9.8
2032,-0.35,4.62,9.75
2033,-0.21,4.62,9.74
2034,-0.03,4.61,9.77
2035,0.15,4.58,9.84
2036,0.3,4.52,9.93
2037,0.39,4.47,10
2038,0.4,4.41,10.04
2039,0.38,4.35,10.06
2040,0.34,4.29,10.08
2041,0.34,4.26,10.1
2042,0.36,4.27,10.1
2043,0.38,4.32,10.11
2044,0.38,4.42,10.11
2045,0.39,4.56,10.13
2046,0.43,4.74,10.11
2047,0.48,4.96,10.06
2048,0.51,5.18,9.98
2049,0.51,5.35,9.9
2050,0.44,5.49,9.84
2051,0.32,5.59,9.79
2052,0.15,5.66,9.74
2053,-0.05,5.69,9.71
2054,-0.23,5.68,9.68
2055,-0.37,5.6,9.66
2056,-0.47,5.45,9.65
2057,-0.56,5.21,9.6
2058,-0.7,4.92,9.55
2059,-0.9,4.68,9.51
2060,-1.1,4.54,9.5
2061,-1.29,4.51,9.53
2062,-1.39,4.55,9.6
2063,-1.34,4.6,9.7
2064,-1.15,4.63,9.81
2065,-0.89,4.68,9.91
2066,-0.62,4.79,9.98
2067,-0.4,4.97,10.02
2068,-0.22,5.18,10.07
2069,-0.06,5.4,10.13
2070,0.09,5.57,10.2
2071,0.22,5.65,10.25
2072,0.32,5.63,10.27
2073,0.39,5.53,10.25
2074,0.44,5.37,10.22
2075,0.46,5.18,10.2
2076,0.46,4.99,10.17
2077,0.44,4.81,10.12
2078,0.43,4.61,10.05
2079,0.4,4.41,9.96
2080,0.37,4.24,9.88
2081,0.31,4.13,9.83
2082,0.21,4.07,9.79
2083,0.08,4.05,9.76
2084,-0.05,4.08,9.73
2085,-0.19,4.18,9.69
2086,-0.32,4.32,9.64
2087,-0.43,4.51,9.59
2088,-0.55,4.73,9.55
2089,-0.67,4.95,9.54
2090,-0.8,5.12,9.57
2091,-0.91,5.22,9.61
2092,-0.97,5.25,9.65
2093,-1.01,5.21,9.7
2094,-1.02,5.14,9.77
2095,-1.02,5.03,9.87
2096,-1,4.91,9.97
2097,-0.94,4.79,10.07
2098,-0.83,4.67,10.13
2099,-0.62,4.57,10.16
2100,-0.32,4.49,10.16
2101,0.04,4.46,10.15
2102,0.43,4.46,10.15
2103,0.78,4.47,10.17
2104,1.06,4.5,10.17
2105,1.23,4.54,10.11
2106,1.3,4.6,10.01
2107,1.26,4.67,9.89
2108,1.13,4.76,9.76
2109,0.92,4.84,9.67
2110,0.68,4.9,9.62
2111,0.41,4.94,9.63
2112,0.12,4.96,9.69
2113,-0.16,4.96,9.75
2114,-0.43,4.96,9.8
2115,-0.67,4.95,9.84
2116,-0.9,4.95,9.87
2117,-1.1,4.93,9.91
2118,-1.25,4.94,9.95
2119,-1.34,4.97,9.98
2120,-1.34,5,10.03
2121,-1.27,5,10.08
2122,-1.18,4.98,10.13
2123,-1.05,4.93,10.13
2124,-0.89,4.87,10.1
2125,-0.73,4.8,10.03
2126,-0.59,4.73,9.96
2127,-0.48,4.7,9.87
2128,-0.35,4.7,9.79
2129,-0.19,4.75,9.74
2130,-0.01,4.82,9.71
2131,0.16,4.89,9.71
2132,0.29,4.97,9.73
2133,0.37,5.04,9.76
2134,0.44,5.09,9.8
2135,0.52,5.13,9.85
2136,0.62,5.19,9.89
2137,0.72,5.23,9.9
2138,0.77,5.21,9.88
2139,0.76,5.12,9.85
2140,0.72,5.01,9.82
2141,0.63,4.92,9.81
2142,0.5,4.9,9.82
2143,0.33,4.93,9.84
2144,0.12,4.96,9.86
2145,-0.13,4.93,9.89
2146,-0.42,4.84,9.91
2147,-0.74,4.73,9.94
2148,-1.01,4.62,9.95
2149,-1.17,4.52,9.95
2150,-1.18,4.46,9.94
2151,-1.08,4.46,9.93
2152,-0.89,4.52,9.93
2153,-0.67,4.61,9.95
2154,-0.46,4.69,9.98
2155,-0.31,4.73,10.01
2156,-0.2,4.73,10.04
2157,-0.09,4.75,10.06
2158,0.04,4.79,10.09
2159,0.2,4.87,10.1
2160,0.35,4.93,10.1
2161,0.42,4.97,10.09
2162,0.36,4.94,10.05
2163,0.2,4.85,9.96
2164,-0.01,4.75,9.86
2165,-0.2,4.66,9.76
2166,-0.31,4.6,9.68
2167,-0.31,4.56,9.64
2168,-0.26,4.56,9.63
2169,-0.23,4.64,9.67
2170,-0.26,4.8,9.74
2171,-0.36,5.02,9.81
2172,-0.47,5.28,9.88
2173,-0.52,5.52,9.91
2174,-0.49,5.7,9.92
2175,-0.39,5.76,9.92
2176,-0.29,5.73,9.92
2177,-0.2,5.62,9.94
2178,-0.14,5.47,9.96
2179,-0.1,5.35,9.98
2180,-0.05,5.26,9.99
2181,-0.01,5.18,10.01
2182,0.02,5.07,10.01
2183,0.02,4.93,10.01
2184,0,4.73,10.03
2185,-0.05,4.47,10.05
2186,-0.09,4.2,10.02
2187,-0.11,3.94,9.97
2188,-0.11,3.79,9.89
2189,-0.08,3.75,9.8
2190,-0.04,3.79,9.72
2191,0.05,3.89,9.66
2192,0.17,4.02,9.6
2193,0.29,4.16,9.58
2194,0.36,4.33,9.58
2195,0.37,4.53,9.6
2196,0.33,4.71,9.64
2197,0.28,4.89,9.71
2198,0.23,5.1,9.79
2199,0.14,5.31,9.87
2200,0.03,5.51,9.93
2201,-0.11,5.64,9.98
2202,-0.28,5.69,10.02
2203,-0.49,5.67,10.05
2204,-0.74,5.61,10.09
2205,-0.99,5.47,10.14
2206,-1.19,5.29,10.17
2207,-1.3,5.08,10.19
2208,-1.34,4.83,10.18
2209,-1.32,4.56,10.14
2210,-1.27,4.31,10.09
2211,-1.14,4.13,10.03
2212,-0.94,4.02,9.94
2213,-0.67,4.01,9.86
2214,-0.37,4.07,9.78
2215,-0.05,4.16,9.71
2216,0.27,4.31,9.65
2217,0.58,4.5,9.61
2218,0.84,4.73,9.6
2219,1.05,5,9.62
2220,1.16,5.27,9.67
2221,1.15,5.5,9.72
2222,1.04,5.67,9.79
2223,0.87,5.76,9.86
2224,0.66,5.79,9.94
2225,0.45,5.79,10.03
2226,0.26,5.76,10.12
2227,0.11,5.67,10.2
2228,0.01,5.49,10.26
2229,-0.06,5.23,10.29
2230,-0.13,4.92,10.28
2231,-0.19,4.57,10.24
2232,-0.25,4.24,10.18
2233,-0.3,3.98,10.1
2234,-0.32,3.82,10
2235,-0.32,3.78,9.91
2236,-0.35,3.86,9.83
2237,-0.45,4.02,9.77
2238,-0.64,4.24,9.73
2239,-0.87,4.48,9.7
2240,-1.06,4.73,9.66
2241,-1.22,4.96,9.63
2242,-1.33,5.2,9.63
2243,-1.39,5.4,9.64
2244,-1.39,5.55,9.66
2245,-1.32,5.6,9.67
2246,-1.16,5.58,9.67
2247,-0.93,5.5,9.67
2248,-0.6,5.38,9.69
2249,-0.16,5.23,9.72
2250,0.32,5.05,9.74
2251,0.73,4.83,9.77
2252,1,4.57,9.81
2253,1.13,4.33,9.83
2254,1.13,4.15,9.84
2255,1.05,4.03,9.84
2256,0.91,3.99,9.85
2257,0.76,4.04,9.88
2258,0.57,4.14,9.93
2259,0.31,4.26,9.99
2260,-0.02,4.39,10.06
2261,-0.38,4.52,10.12
2262,-0.73,4.67,10.17
2263,-1.02,4.87,10.19
2264,-1.24,5.1,10.19
2265,-1.35,5.33,10.17
2266,-1.33,5.51,10.15
2267,-1.21,5.63,10.13
2268,-1.03,5.65,10.09
2269,-0.82,5.56,10
2270,-0.57,5.37,9.89
2271,-0.32,5.13,9.75
2272,-0.07,4.9,9.62
2273,0.13,4.69,9.5
2274,0.29,4.51,9.44
2275,0.4,4.37,9.42
2276,0.47,4.28,9.45
2277,0.49,4.25,9.5
2278,0.49,4.24,9.6
2279,0.44,4.19,9.72
2280,0.33,4.14,9.87
2281,0.16,4.13,10.03
2282,-0.04,4.18,10.18
2283,-0.23,4.33,10.32
2284,-0.39,4.57,10.41
2285,-0.49,4.85,10.47
2286,-0.55,5.11,10.47
2287,-0.54,5.33,10.43
2288,-0.48,5.52,10.36
2289,-0.39,5.67,10.27
2290,-0.27,5.76,10.16
2291,-0.13,5.8,10.03
2292,0.03,5.77,9.89
2293,0.19,5.68,9.76
2294,0.33,5.57,9.66
2295,0.45,5.44,9.57
2296,0.52,5.27,9.5
2297,0.5,5.07,9.46
2298,0.39,4.81,9.45
2299,0.2,4.5,9.45
2300,-0.04,4.16,9.48
2301,-0.27,3.86,9.54
2302,-0.48,3.68,9.64
2303,-0.66,3.64,9.74
2304,-0.77,3.73,9.84
2305,-0.82,3.92,9.92
2306,-0.81,4.13,9.99
2307,-0.78,4.37,10.06
2308,-0.74,4.62,10.12
2309,-0.7,4.92,10.17
2310,-0.66,5.23,10.21
2311,-0.57,5.54,10.24
2312,-0.44,5.79,10.25
2313,-0.29,5.94,10.24
2314,-0.11,6,10.21
2315,0.05,6,10.16
2316,0.18,5.93,10.1
2317,0.3,5.79,10.02
2318,0.41,5.58,9.94
2319,0.47,5.31,9.87
2320,0.51,5,9.8
2321,0.55,4.69,9.75
2322,0.57,4.4,9.72
2323,0.54,4.21,9.72
2324,0.43,4.14,9.73
2325,0.27,4.17,9.75
2326,0.1,4.26,9.76
2327,-0.05,4.36,9.77
2328,-0.17,4.49,9.78
2329,-0.26,4.66,9.81
2330,-0.33,4.79,9.81
2331,-0.39,4.92,9.81
2332,-0.47,5.03,9.79
2333,-0.57,5.12,9.77
2334,-0.69,5.19,9.76
2335,-0.8,5.24,9.76
2336,-0.86,5.24,9.8
2337,-0.85,5.18,9.83
2338,-0.77,5.08,9.85
2339,-0.67,4.93,9.85
2340,-0.57,4.68,9.85
2341,-0.48,4.4,9.84
2342,-0.4,4.14,9.84
2343,-0.32,3.96,9.85
2344,-0.2,3.88,9.88
2345,-0.08,3.85,9.91
2346,0.04,3.88,9.92
2347,0.17,4,9.92
2348,0.31,4.21,9.9
2349,0.41,4.5,9.89
2350,0.42,4.83,9.91
2351,0.34,5.13,9.98
2352,0.22,5.38,10.07
2353,0.08,5.59,10.13
2354,-0.07,5.73,10.14
2355,-0.26,5.74,10.11
2356,-0.48,5.66,10.07
2357,-0.67,5.52,10.02
2358,-0.81,5.35,9.97
2359,-0.87,5.18,9.92
2360,-0.89,4.98,9.88
2361,-0.89,4.71,9.83
2362,-0.85,4.41,9.78
2363,-0.76,4.12,9.73
2364,-0.65,3.92,9.7
2365,-0.53,3.79,9.68
2366,-0.4,3.76,9.65
2367,-0.25,3.82,9.61
2368,-0.08,3.97,9.58
2369,0.11,4.16,9.56
2370,0.3,4.4,9.59
2371,0.46,4.64,9.67
2372,0.54,4.87,9.77
2373,0.53,5.06,9.89
2374,0.42,5.2,9.97
2375,0.21,5.31,10.04
2376,-0.01,5.41,10.08
2377,-0.18,5.5,10.11
2378,-0.28,5.56,10.14
2379,-0.33,5.61,10.18
2380,-0.36,5.65,10.21
2381,-0.36,5.66,10.22
2382,-0.37,5.61,10.2
2383,-0.38,5.5,10.17
2384,-0.34,5.31,10.13
2385,-0.26,5.09,10.08
2386,-0.17,4.88,10.04
2387,-0.13,4.7,10
2388,-0.15,4.57,9.97
2389,-0.19,4.53,9.93
2390,-0.19,4.54,9.85
2391,-0.13,4.53,9.77
2392,0.03,4.49,9.7
2393,0.23,4.38,9.64
2394,0.4,4.28,9.6
2395,0.48,4.24,9.59
2396,0.43,4.31,9.63
2397,0.28,4.51,9.7
2398,0.1,4.8,9.76
2399,-0.05,5.09,9.8
2400,-0.15,5.32,9.81
2401,-0.21,5.46,9.82
2402,-0.23,5.51,9.84
2403,-0.26,5.49,9.9
2404,-0.34,5.41,9.98
2405,-0.43,5.29,10.08
2406,-0.51,5.15,10.16
2407,-0.56,5.01,10.19
2408,-0.58,4.88,10.2
2409,-0.54,4.78,10.19
2410,-0.44,4.71,10.18
2411,-0.27,4.65,10.16
2412,-0.06,4.6,10.12
2413,0.12,4.55,10.05
2414,0.26,4.5,9.97
2415,0.32,4.46,9.88
2416,0.31,4.46,9.79
2417,0.24,4.5,9.72
2418,0.17,4.57,9.64
2419,0.12,4.68,9.58
2420,0.08,4.82,9.53
2421,0.05,4.95,9.52
2422,0,5.07,9.55
2423,-0.09,5.14,9.6
2424,-0.19,5.13,9.68
2425,-0.3,5.05,9.75
2426,-0.4,4.91,9.82
2427,-0.51,4.76,9.88
2428,-0.6,4.63,9.92
2429,-0.7,4.52,9.96
2430,-0.78,4.44,9.98
2431,-0.84,4.38,9.99
2432,-0.86,4.34,9.99
2433,-0.85,4.34,10
2434,-0.82,4.38,10
2435,-0.78,4.49,10.01
2436,-0.72,4.66,10.03
2437,-0.65,4.86,10.05
2438,-0.58,5.05,10.05
2439,-0.49,5.2,10.03
2440,-0.35,5.29,9.98
2441,-0.17,5.35,9.93
2442,0.01,5.41,9.88
2443,0.17,5.46,9.85
2444,0.3,5.46,9.84
2445,0.41,5.39,9.85
2446,0.52,5.23,9.85
2447,0.62,5,9.83
2448,0.69,4.76,9.8
2449,0.74,4.56,9.76
2450,0.76,4.41,9.72
2451,0.76,4.34,9.7
2452,0.72,4.32,9.71
2453,0.65,4.35,9.74
2454,0.52,4.41,9.79
2455,0.34,4.49,9.84
2456,0.11,4.6,9.91
2457,-0.14,4.77,9.98
2458,-0.41,4.97,10.06
2459,-0.67,5.17,10.13
2460,-0.9,5.33,10.18
2461,-1.1,5.45,10.2
2462,-1.25,5.51,10.2
2463,-1.32,5.51,10.16
2464,-1.3,5.42,10.11
2465,-1.2,5.24,10.06
2466,-1.05,5.04,10.01
2467,-0.86,4.87,9.96
2468,-0.65,4.72,9.91
2469,-0.42,4.59,9.85
2470,-0.18,4.48,9.77
2471,0.06,4.38,9.69
2472,0.3,4.3,9.62
2473,0.52,4.24,9.56
2474,0.71,4.2,9.54
2475,0.85,4.21,9.55
2476,0.9,4.25,9.62
2477,0.83,4.36,9.71
2478,0.67,4.51,9.8
2479,0.43,4.68,9.89
2480,0.16,4.83,9.97
2481,-0.09,4.99,10.04
2482,-0.3,5.15,10.1
2483,-0.46,5.27,10.15
2484,-0.58,5.35,10.18
2485,-0.7,5.38,10.19
2486,-0.82,5.37,10.19
2487,-0.92,5.32,10.15
2488,-0.98,5.23,10.1
2489,-0.95,5.11,10.04
2490,-0.86,4.97,9.97
2491,-0.73,4.83,9.89
2492,-0.57,4.73,9.8
2493,-0.43,4.65,9.71
2494,-0.28,4.61,9.63
2495,-0.13,4.6,9.58
2496,0,4.62,9.58
2497,0.09,4.66,9.61
2498,0.15,4.71,9.67
2499,0.16,4.75,9.73
2500,0.16,4.76,9.76
2501,0.16,4.77,9.75
2502,0.16,4.78,9.75
2503,0.16,4.79,9.75
2504,0.16,4.78,9.77
2505,0.17,4.76,9.8
2506,0.18,4.73,9.86
2507,0.17,4.68,9.94
2508,0.16,4.65,10.02
2509,0.14,4.65,10.09
2510,0.13,4.69,10.13
2511,0.11,4.78,10.15
2512,0.06,4.91,10.16
2513,-0.04,5.07,10.16
2514,-0.14,5.23,10.15
2515,-0.27,5.35,10.11
2516,-0.4,5.42,10.07
2517,-0.54,5.4,10.02
2518,-0.64,5.31,9.97
2519,-0.7,5.22,9.92
2520,-0.71,5.13,9.87
2521,-0.68,5.05,9.83
2522,-0.62,4.97,9.8
2523,-0.55,4.87,9.77
2524,-0.46,4.75,9.75
2525,-0.38,4.59,9.74
2526,-0.3,4.43,9.75
2527,-0.2,4.3,9.79
2528,-0.09,4.21,9.83
2529,0.04,4.16,9.88
2530,0.16,4.15,9.9
2531,0.23,4.16,9.92
2532,0.27,4.21,9.94
2533,0.28,4.31,9.95
2534,0.24,4.47,9.95
2535,0.14,4.67,9.93
2536,0.01,4.89,9.9
2537,-0.11,5.08,9.88
2538,-0.2,5.22,9.88
2539,-0.25,5.33,9.88
2540,-0.26,5.41,9.89
2541,-0.24,5.44,9.9
2542,-0.19,5.44,9.91
2543,-0.16,5.4,9.9
2544,-0.15,5.32,9.89
2545,-0.15,5.2,9.89
2546,-0.16,5.04,9.89
2547,-0.18,4.87,9.9
2548,-0.18,4.73,9.9
2549,-0.18,4.63,9.9
2550,-0.16,4.57,9.89
2551,-0.15,4.53,9.87
2552,-0.17,4.52,9.87
2553,-0.22,4.53,9.88
2554,-0.31,4.59,9.9
2555,-0.43,4.66,9.92
2556,-0.52,4.74,9.94
2557,-0.57,4.84,9.96
2558,-0.57,4.96,9.96
2559,-0.5,5.09,9.96
2560,-0.39,5.2,9.95
2561,-0.24,5.28,9.94
2562,-0.13,5.33,9.94
2563,-0.06,5.35,9.94
2564,-0.05,5.35,9.94
2565,-0.05,5.33,9.93
2566,0,5.28,9.92
2567,0.09,5.2,9.9
2568,0.24,5.1,9.88
2569,0.39,4.97,9.85
2570,0.51,4.79,9.81
2571,0.56,4.59,9.76
2572,0.52,4.38,9.73
2573,0.41,4.22,9.71
2574,0.25,4.12,9.7
2575,0.07,4.11,9.7
2576,-0.13,4.17,9.71
2577,-0.33,4.3,9.73
2578,-0.5,4.46,9.77
2579,-0.66,4.61,9.8
2580,-0.79,4.74,9.85
2581,-0.86,4.83,9.91
2582,-0.86,4.92,9.98
2583,-0.83,5.04,10.06
2584,-0.78,5.2,10.13
2585,-0.72,5.35,10.18
2586,-0.64,5.47,10.2
2587,-0.54,5.49,10.2
2588,-0.4,5.4,10.16
2589,-0.25,5.22,10.08
2590,-0.09,5,10
2591,0.04,4.79,9.9
2592,0.11,4.62,9.81
2593,0.13,4.51,9.74
2594,0.15,4.46,9.68
2595,0.17,4.45,9.65
2596,0.21,4.43,9.66
2597,0.23,4.39,9.69
2598,0.21,4.34,9.72
2599,0.14,4.33,9.76
2600,0.04,4.37,9.82
2601,-0.08,4.5,9.9
2602,-0.19,4.67,9.99
2603,-0.26,4.84,10.08
2604,-0.3,4.96,10.16
2605,-0.31,5.02,10.21
2606,-0.29,5.02,10.22
2607,-0.23,5,10.2
2608,-0.16,4.98,10.12
2609,-0.11,4.98,10
2610,-0.09,5,9.87
2611,-0.08,5.02,9.75
2612,-0.08,4.98,9.64
2613,-0.08,4.93,9.56
2614,-0.07,4.88,9.51
2615,-0.06,4.87,9.49
2616,-0.04,4.91,9.49
2617,-0.02,4.97,9.51
2618,-0.02,5.01,9.57
2619,-0.08,5.03,9.67
2620,-0.19,5.03,9.8
2621,-0.32,5,9.94
2622,-0.43,4.94,10.06
2623,-0.51,4.87,10.15
2624,-0.56,4.83,10.2
2625,-0.58,4.81,10.23
2626,-0.58,4.85,10.24
2627,-0.56,4.92,10.24
2628,-0.52,5,10.21
2629,-0.47,5.05,10.17
2630,-0.41,5.06,10.1
2631,-0.36,5.04,10.02
2632,-0.3,5.01,9.94
2633,-0.21,4.98,9.87
2634,-0.09,4.96,9.81
2635,0,4.94,9.77
2636,0.05,4.91,9.75
2637,0.07,4.85,9.72
2638,0.06,4.76,9.7
2639,0.09,4.68,9.69
2640,0.12,4.64,9.72
2641,0.13,4.6,9.75
2642,0.11,4.57,9.81
2643,0.09,4.55,9.87
2644,0.05,4.54,9.93
2645,0.03,4.55,9.96
2646,0.03,4.61,9.97
2647,0.04,4.73,9.96
2648,0.05,4.84,9.94
2649,0.04,4.91,9.93
2650,0.01,4.97,9.93
2651,-0.04,5.03,9.93
2652,-0.08,5.1,9.94
2653,-0.12,5.16,9.95
2654,-0.14,5.2,9.95
2655,-0.19,5.17,9.95
2656,-0.28,5.07,9.93
2657,-0.41,4.93,9.9
2658,-0.55,4.77,9.85
2659,-0.65,4.61,9.8
2660,-0.72,4.47,9.79
2661,-0.75,4.39,9.79
2662,-0.76,4.39,9.79
2663,-0.74,4.43,9.79
2664,-0.67,4.47,9.77
2665,-0.56,4.49,9.75
2666,-0.39,4.52,9.74
2667,-0.19,4.59,9.77
2668,0.03,4.7,9.83
2669,0.22,4.85,9.92
2670,0.37,5.01,10.04
2671,0.47,5.14,10.13
2672,0.49,5.18,10.18
2673,0.46,5.14,10.2
2674,0.37,5.07,10.18
2675,0.24,5,10.14
2676,0.1,4.95,10.11
2677,-0.05,4.91,10.06
2678,-0.18,4.89,10.01
2679,-0.28,4.87,9.94
2680,-0.34,4.83,9.88
2681,-0.36,4.78,9.81
2682,-0.36,4.71,9.77
2683,-0.37,4.67,9.74
2684,-0.4,4.68,9.74
2685,-0.42,4.74,9.75
2686,-0.41,4.83,9.77
2687,-0.36,4.94,9.79
2688,-0.28,5.05,9.82
2689,-0.18,5.14,9.85
2690,-0.06,5.19,9.88
2691,0.05,5.22,9.91
2692,0.13,5.21,9.93
2693,0.17,5.18,9.93
2694,0.15,5.15,9.9
2695,0.08,5.13,9.85
2696,-0.02,5.11,9.8
2697,-0.13,5.07,9.76
2698,-0.24,5,9.75
2699,-0.31,4.88,9.77
2700,-0.34,4.73,9.79
2701,-0.36,4.6,9.82
2702,-0.34,4.51,9.83
2703,-0.31,4.45,9.84
2704,-0.27,4.41,9.86
2705,-0.23,4.4,9.89
2706,-0.19,4.42,9.93
2707,-0.16,4.46,9.96
2708,-0.12,4.54,9.98
2709,-0.08,4.64,9.99
2710,-0.07,4.76,9.99
2711,-0.1,4.87,9.97
2712,-0.17,4.96,9.96
2713,-0.28,5.01,9.95
2714,-0.41,5.02,9.93
2715,-0.53,5.02,9.92
2716,-0.61,5.01,9.89
2717,-0.62,4.97,9.88
2718,-0.57,4.93,9.86
2719,-0.47,4.89,9.86
2720,-0.33,4.84,9.88
2721,-0.17,4.79,9.91
2722,-0.02,4.74,9.94
2723,0.09,4.71,9.98
2724,0.18,4.71,10.02
2725,0.25,4.72,10.07
2726,0.32,4.75,10.09
2727,0.38,4.79,10.09
2728,0.42,4.83,10.05
2729,0.43,4.86,10
2730,0.38,4.93,9.95
2731,0.27,5.01,9.9
2732,0.12,5.09,9.87
2733,-0.06,5.15,9.85
2734,-0.2,5.19,9.84
2735,-0.29,5.19,9.82
2736,-0.34,5.15,9.8
2737,-0.38,5.06,9.78
2738,-0.41,4.96,9.78
2739,-0.43,4.87,9.77
2740,-0.46,4.8,9.76
2741,-0.48,4.75,9.76
2742,-0.52,4.69,9.76
2743,-0.54,4.64,9.78
2744,-0.56,4.59,9.79
2745,-0.56,4.55,9.82
2746,-0.56,4.55,9.84
2747,-0.54,4.59,9.86
2748,-0.5,4.67,9.88
2749,-0.42,4.74,9.88
2750,-0.33,4.8,9.88
2751,-0.24,4.86,9.9
2752,-0.18,4.92,9.93
2753,-0.14,4.98,9.97
2754,-0.08,5.02,10
2755,0.02,5.03,10.01
2756,0.12,5.01,10.01
2757,0.2,4.97,10
2758,0.25,4.87,9.99
2759,0.28,4.73,9.98
2760,0.29,4.59,9.97
2761,0.28,4.5,9.97
2762,0.25,4.45,9.94
2763,0.19,4.45,9.9
2764,0.1,4.48,9.84
2765,-0.02,4.53,9.78
2766,-0.16,4.58,9.74
2767,-0.33,4.64,9.72
2768,-0.52,4.71,9.74
2769,-0.72,4.78,9.78
2770,-0.89,4.86,9.82
2771,-0.99,4.94,9.87
2772,-1,5.03,9.92
2773,-0.92,5.1,9.95
2774,-0.78,5.15,9.95
2775,-0.62,5.16,9.94
2776,-0.47,5.12,9.91
2777,-0.32,5.05,9.89
2778,-0.19,4.97,9.87
2779,-0.06,4.9,9.86
2780,0.08,4.87,9.83
2781,0.23,4.84,9.8
2782,0.39,4.82,9.77
2783,0.51,4.78,9.76
2784,0.59,4.73,9.77
2785,0.6,4.68,9.79
2786,0.54,4.62,9.84
2787,0.43,4.57,9.89
2788,0.27,4.54,9.93
2789,0.1,4.55,9.96
2790,-0.06,4.59,10
2791,-0.21,4.64,10.04
2792,-0.36,4.69,10.1
2793,-0.5,4.77,10.15
2794,-0.61,4.87,10.16
2795,-0.69,4.97,10.15
2796,-0.72,5.08,10.1
2797,-0.71,5.19,10.03
2798,-0.64,5.28,9.95
2799,-0.54,5.34,9.87
2800,-0.41,5.35,9.81
2801,-0.27,5.31,9.77
2802,-0.16,5.25,9.75
2803,-0.06,5.16,9.75
2804,0.03,5.06,9.74
2805,0.1,4.96,9.74
2806,0.15,4.86,9.76
2807,0.19,4.76,9.8
2808,0.22,4.67,9.85
2809,0.23,4.6,9.89
2810,0.21,4.55,9.92
2811,0.15,4.5,9.97
2812,0.05,4.46,10.01
2813,-0.08,4.45,10.05
2814,-0.2,4.5,10.07
2815,-0.26,4.6,10.07
2816,-0.27,4.73,10.07
2817,-0.24,4.87,10.06
2818,-0.18,5,10.04
2819,-0.14,5.1,10.02
2820,-0.13,5.15,9.99
2821,-0.17,5.14,9.95
2822,-0.23,5.09,9.89
2823,-0.3,5.02,9.84
2824,-0.37,4.95,9.79
2825,-0.4,4.89,9.76
2826,-0.41,4.85,9.74
2827,-0.38,4.81,9.73
2828,-0.33,4.76,9.72
2829,-0.31,4.72,9.72
2830,-0.31,4.67,9.71
2831,-0.35,4.63,9.69
2832,-0.41,4.61,9.69
2833,-0.46,4.59,9.71
2834,-0.49,4.58,9.74
2835,-0.5,4.56,9.77
2836,-0.48,4.57,9.79
2837,-0.44,4.61,9.81
2838,-0.37,4.65,9.83
2839,-0.32,4.69,9.85
2840,-0.28,4.73,9.87
2841,-0.24,4.77,9.91
2842,-0.2,4.81,9.95
2843,-0.16,4.84,10
2844,-0.13,4.84,10.03
2845,-0.11,4.83,10.04
2846,-0.09,4.81,10.01
2847,-0.04,4.79,9.98
2848,0.05,4.77,9.96
2849,0.15,4.76,9.94
2850,0.24,4.75,9.93
2851,0.3,4.74,9.93
2852,0.32,4.72,9.94
2853,0.31,4.73,9.96
2854,0.25,4.76,9.97
2855,0.15,4.8,9.98
2856,0.05,4.87,9.99
2857,-0.04,4.98,10
2858,-0.1,5.09,10.01
2859,-0.14,5.17,10.02
2860,-0.18,5.21,10.04
2861,-0.24,5.21,10.05
2862,-0.32,5.18,10.05
2863,-0.42,5.15,10.04
2864,-0.49,5.14,10.01
2865,-0.52,5.15,9.98
2866,-0.49,5.15,9.93
2867,-0.42,5.14,9.89
2868,-0.32,5.12,9.86
2869,-0.23,5.07,9.83
2870,-0.15,4.99,9.81
2871,-0.1,4.91,9.79
2872,-0.05,4.84,9.75
2873,-0.01,4.79,9.7
2874,0.03,4.76,9.67
2875,0.06,4.74,9.65
2876,0.07,4.71,9.66
2877,0.04,4.67,9.68
2878,-0.02,4.63,9.71
2879,-0.09,4.59,9.75
2880,-0.14,4.57,9.79
2881,-0.2,4.57,9.82
2882,-0.25,4.58,9.83
2883,-0.3,4.61,9.84
2884,-0.36,4.64,9.87
2885,-0.39,4.68,9.91
2886,-0.42,4.72,9.95
2887,-0.46,4.76,9.98
2888,-0.48,4.78,10.01
2889,-0.5,4.77,10
2890,-0.5,4.71,9.98
2891,-0.5,4.63,9.95
2892,-0.51,4.55,9.95
2893,-0.53,4.51,9.97
2894,-0.54,4.49,10
2895,-0.52,4.52,10.01
2896,-0.46,4.57,9.99
2897,-0.38,4.64,9.96
2898,-0.3,4.71,9.91
2899,-0.2,4.78,9.86
2900,-0.08,4.86,9.83
2901,0.05,4.95,9.82
2902,0.18,5.04,9.82
2903,0.29,5.14,9.83
2904,0.37,5.22,9.83
2905,0.42,5.28,9.82
2906,0.45,5.31,9.81
2907,0.42,5.33,9.81
2908,0.35,5.3,9.82
2909,0.23,5.24,9.84
2910,0.09,5.16,9.86
2911,-0.06,5.07,9.87
2912,-0.2,4.96,9.89
2913,-0.34,4.86,9.91
2914,-0.47,4.75,9.94
2915,-0.56,4.65,9.98
2916,-0.6,4.55,10.01
2917,-0.6,4.48,10.04
2918,-0.58,4.45,10.06
2919,-0.54,4.44,10.08
2920,-0.49,4.46,10.09
2921,-0.43,4.51,10.09
2922,-0.35,4.57,10.08
2923,-0.28,4.64,10.07
2924,-0.2,4.73,10.05
2925,-0.11,4.86,10.01
2926,0.01,5.02,9.94
2927,0.12,5.19,9.87
2928,0.19,5.32,9.79
2929,0.23,5.39,9.73
2930,0.27,5.39,9.69
2931,0.3,5.33,9.69
2932,0.33,5.23,9.72
2933,0.35,5.13,9.77
2934,0.35,5,9.8
2935,0.31,4.85,9.81
2936,0.23,4.69,9.82
2937,0.13,4.54,9.82
2938,0.01,4.43,9.83
2939,-0.13,4.36,9.86
2940,-0.27,4.33,9.9
2941,-0.4,4.33,9.95
2942,-0.5,4.37,10
2943,-0.56,4.43,10.03
2944,-0.57,4.5,10.03
2945,-0.55,4.6,10.02
2946,-0.53,4.74,9.99
2947,-0.52,4.9,9.96
2948,-0.52,5.04,9.93
2949,-0.53,5.14,9.89
2950,-0.53,5.2,9.85
2951,-0.5,5.21,9.81
2952,-0.44,5.19,9.76
2953,-0.35,5.15,9.73
2954,-0.26,5.09,9.73
2955,-0.19,5.03,9.73
2956,-0.16,4.99,9.75
2957,-0.16,4.96,9.77
2958,-0.18,4.92,9.8
2959,-0.18,4.88,9.84
2960,-0.16,4.85,9.88
2961,-0.14,4.81,9.92
2962,-0.12,4.77,9.97
2963,-0.1,4.72,10.03
2964,-0.08,4.7,10.09
2965,-0.05,4.71,10.14
2966,-0.04,4.76,10.16
2967,-0.04,4.81,10.15
2968,-0.05,4.84,10.11
2969,-0.04,4.85,10.04
2970,-0.02,4.84,9.97
2971,0.01,4.81,9.91
2972,0.02,4.78,9.87
2973,0.01,4.77,9.85
2974,-0.02,4.78,9.84
2975,-0.07,4.83,9.83
2976,-0.13,4.88,9.81
2977,-0.19,4.93,9.78
2978,-0.23,4.94,9.75
2979,-0.25,4.94,9.72
2980,-0.23,4.93,9.71
2981,-0.21,4.93,9.73
2982,-0.19,4.95,9.76
2983,-0.18,4.97,9.79
2984,-0.18,4.98,9.8
2985,-0.19,4.97,9.81
2986,-0.18,4.96,9.81
2987,-0.17,4.94,9.83
2988,-0.15,4.9,9.86
2989,-0.15,4.84,9.88
2990,-0.15,4.78,9.91
2991,-0.13,4.71,9.94
2992,-0.09,4.64,9.98
2993,-0.05,4.57,10.01
2994,-0.04,4.51,10.02
2995,-0.05,4.47,10.03
2996,-0.09,4.47,10.03
2997,-0.14,4.48,10.03
2998,-0.19,4.51,10.04
2999,-0.23,4.53,10.03
3000,-0.23,4.56,10.01
3001,-0.23,4.61,9.99
3002,-0.21,4.68,9.97
3003,-0.2,4.78,9.96
3004,-0.22,4.87,9.94
3005,-0.27,4.96,9.91
3006,-0.34,5.06,9.87
3007,-0.41,5.14,9.82
3008,-0.47,5.18,9.78
3009,-0.49,5.18,9.74
3010,-0.49,5.14,9.7
3011,-0.47,5.1,9.69
3012,-0.44,5.05,9.69
3013,-0.4,5,9.71
3014,-0.35,4.95,9.73
3015,-0.29,4.91,9.74
3016,-0.22,4.88,9.76
3017,-0.14,4.85,9.79
3018,-0.05,4.82,9.84
3019,0.05,4.79,9.89
3020,0.14,4.75,9.92
3021,0.19,4.72,9.95
3022,0.2,4.71,9.98
3023,0.2,4.72,9.99
3024,0.17,4.75,9.99
3025,0.11,4.77,9.99
3026,0.04,4.76,9.99
3027,-0.04,4.74,9.99
3028,-0.12,4.72,10
3029,-0.21,4.7,10.01
3030,-0.31,4.72,10
3031,-0.39,4.76,9.99
3032,-0.45,4.83,9.98
3033,-0.49,4.89,9.98
3034,-0.5,4.93,9.98
3035,-0.46,4.97,9.99
3036,-0.4,5.01,9.98
3037,-0.34,5.04,9.97
3038,-0.29,5.06,9.95
3039,-0.26,5.08,9.95
3040,-0.23,5.1,9.94
3041,-0.18,5.1,9.92
3042,-0.09,5.09,9.89
3043,0.01,5.03,9.85
3044,0.1,4.94,9.82
3045,0.19,4.82,9.81
3046,0.24,4.7,9.81
3047,0.26,4.59,9.81
3048,0.24,4.53,9.83
3049,0.21,4.5,9.85
3050,0.18,4.5,9.88
3051,0.14,4.55,9.91
3052,0.08,4.63,9.92
3053,0.02,4.72,9.91
3054,-0.05,4.81,9.89
3055,-0.13,4.89,9.85
3056,-0.22,4.95,9.83
3057,-0.3,5,9.82
3058,-0.36,5.05,9.81
3059,-0.41,5.09,9.81
3060,-0.44,5.11,9.81
3061,-0.46,5.09,9.83
3062,-0.46,5.05,9.84
3063,-0.45,4.99,9.85
3064,-0.43,4.92,9.87
3065,-0.39,4.85,9.89
3066,-0.34,4.77,9.91
3067,-0.3,4.69,9.94
3068,-0.27,4.64,9.96
3069,-0.26,4.63,9.96
3070,-0.24,4.65,9.95
3071,-0.2,4.67,9.93
